Ψ[mm] Year,Month,Day,Hour,Minute,Second Znode[mm,-5.0,-15.0,-25.0,-35.0,-45.0,-55.0,-65.0,-75.0,-85.0,-95.0,-105.0,-115.0,-125.0,-135.0,-145.0,-155.0,-165.0,-175.0,-185.0,-195.0,-205.0,-215.0,-225.0,-235.0,-245.0,-255.0,-265.0,-275.0,-285.0,-295.0,-305.0,-315.0,-325.0,-335.0,-345.0,-355.0,-365.0,-375.0,-385.0,-395.0,-405.0,-415.0,-425.0,-435.0,-445.0,-455.0,-465.0,-475.0,-485.0,-495.0,-505.0,-515.0,-525.0,-535.0,-545.0,-555.0,-565.0,-575.0,-585.0,-595.0,-605.0,-615.0,-625.0,-635.0,-645.0,-655.0,-665.0,-675.0,-685.0,-695.0,-705.0,-715.0,-725.0,-735.0,-745.0,-755.0,-765.0,-775.0,-785.0,-795.0,-805.0,-815.0,-825.0,-835.0,-845.0,-855.0,-865.0,-875.0,-885.0,-895.0,-905.0,-915.0,-925.0,-935.0,-945.0,-955.0,-965.0,-975.0,-985.0,-995.0,-1005.0,-1015.0,-1025.0,-1035.0,-1045.0,-1055.0,-1065.0,-1075.0,-1085.0,-1095.0,-1105.0,-1115.0,-1125.0,-1135.0,-1145.0,-1155.0,-1165.0,-1175.0,-1185.0,-1195.0,-1205.0,-1215.0,-1225.0,-1235.0,-1245.0,-1255.0,-1265.0,-1275.0,-1285.0,-1295.0,-1305.0,-1315.0,-1325.0,-1335.0,-1345.0,-1355.0,-1365.0,-1375.0,-1385.0,-1395.0,-1405.0,-1415.0,-1425.0,-1435.0,-1445.0,-1455.0,-1465.0,-1475.0,-1485.0,-1495.0,-1505.0,-1515.0,-1525.0,-1535.0,-1545.0,-1555.0,-1565.0,-1575.0,-1585.0,-1595.0,-1605.0,-1615.0,-1625.0,-1635.0,-1645.0,-1655.0,-1665.0,-1675.0,-1685.0,-1695.0,-1705.0,-1715.0,-1725.0,-1735.0,-1745.0,-1755.0,-1765.0,-1775.0,-1785.0,-1795.0
1.0,1.0,6.0,0.0,0.0,0.0,-765.0340448323133,-760.1945998253851,-755.2132524249988,-750.0894726899844,-744.8229441767788,-739.4135672894223,-733.8614614128086,-728.1669657944936,-722.3306391544531,-716.3532580175528,-710.2358137787554,-703.9795085260632,-697.5857496616388,-691.0561433748742,-684.3924870349821,-677.5967605823597,-670.6711170083377,-663.6178720220397,-656.4394930098921,-649.1385873989084,-641.7178905378055,-634.1802532120195,-626.5286289079362,-618.7660609398955,-610.8956695497913,-602.9206390842031,-594.8442053474689,-586.6696432220112,-578.4002546389333,-570.0393569731792,-561.5902719282432,-553.0563149661504,-544.4407853287456,-535.7469566871102,-526.9780684468288,-518.1373177281952,-509.227852032176,-500.2527625956021,-491.21507843187976,-482.11776104765204,-472.96369982000385,-463.75570801438744,-454.49651941918717,-445.1887855696042,-435.835073530945,-426.43786420926847,-416.9995511559108,-407.52243983163373,-398.0087472955656,-388.4606022841216,-378.8800456455689,-369.2690310965123,-359.629426267556,-349.9630140065592,-340.2714939094051,-330.55648404959334,-320.81952287959155,-311.0620712786209,-301.28551472345197,-291.4911655601174,-281.87761534926057,-283.975021679884,-286.15434822168663,-288.4194522609528,-290.7744001367066,-293.22348082095425,-295.77122058631744,-298.42239886729726,-301.1820654337092,-304.05555900868524,-307.0485274796191,-310.16694986814593,-313.41716024595974,-316.8058738065446,-320.3402153296827,-324.02775030636553,-327.87651902685946,-331.8950739755577,-336.09252092298004,-340.4785641597575,-345.0635563804276,-349.85855379832105,-354.87537715843814,-360.1266794154038,-365.6260209612234,-371.3879534261614,-377.42811323937235,-383.76332632998265,-390.41172557963364,-397.3928829126338,-404.7279582392414,-412.4398678639576,-420.55347544914605,-429.09580920461383,-438.0963096807261,-447.5871134079647,-457.60337869015416,-468.1836611746994,-479.3703484591009,-491.21016503912256,-503.754761477173,-517.0614049281063,-531.1937923128601,-546.2230127624988,-562.2286928538559,-579.3003671540673,-597.5391284270543,-617.0596275676091,-637.9925143980956,-660.4874390124057,-684.7167724826547,-710.8802600380666,-739.2108961647757,-769.9824199702041,-803.518986941649,-840.2078058168518,-880.5158786510231,-925.012517964205,-974.4001557286697,-1029.5573129850188,-1039.3107379394146,-1040.8256344233441,-1042.3499988643389,-1043.8834608661953,-1045.4256257104105,-1046.9760734242118,-1048.534357817262,-1050.1000054856354,-1051.6725147815573,-1053.2513547470917,-1054.8359640102856,-1056.4257496415748,-1058.020085968908,-1059.6183133491058,-1061.2197368937289,-1062.8236251467526,-1064.4292087122926,-1066.0356788294885,-1067.6421858925598,-1069.2478379132542,-1070.8516989235168,-1072.452787315917,-1074.0500741194128,-1075.6424812083726,-1077.2288794428275,-1078.8080867380775,-1080.3788660622936,-1081.9399233608365,-1083.489905406936,-1085.0273975783236,-1086.5509215608188,-1088.0589329800882,-1089.5498189640828,-1091.0218956396623,-1092.4734055682118,-1093.902515126583,-1095.3073118410512,-1096.6858016843878,-1098.0359063475887,-1099.355460500663,-1100.6422090589945,-1101.89380447477,-1103.1078040762075,-1104.281667479988,-1105.4127541064495,-1106.4983208303872,-1107.535519804373,-1108.5213964955306,-1109.4528879809184,-1110.3268215509456,-1111.1399136744712,-1111.8887693834097,-1112.569882138951,-1113.1796342446385,-1113.7142978758047,-1114.1700367968872,-1114.54290884073,-1114.8288692251424,-1115.023774782298,-1115.1233891754937
1.0,1.0,7.0,0.0,0.0,0.0,-746.4338697072127,-741.1066511670375,-735.6400278500254,-730.0342012476093,-724.2895780334451,-718.4067692279044,-712.3865882222157,-706.2300476762414,-699.9383553168407,-693.5129086766111,-686.9552888240844,-680.2672531479591,-673.450727267567,-666.5077961503007,-659.4406945241692,-652.2517966791488,-644.9436057551801,-637.5187426174026,-629.9799344199259,-622.3300029592294,-614.571852916136,-606.7084600821481,-598.7428596614917,-590.6781347348355,-582.5174049640642,-574.2638156107945,-565.9205269335915,-557.4907040209358,-548.977507108971,-540.384082424902,-531.7135535889652,-522.9690135999058,-514.1535174216882,-505.27007518188293,-496.32164598569386,-487.3111323437673,-478.241375206076,-469.1151495898031,-459.93516078462073,-450.70404111527114,-441.4243472384197,-432.09855794806685,-422.7290724622584,-413.31820916209153,-403.86820475332274,-394.3812138202303,-384.8593087413051,-375.30447993656946,-365.7186364167336,-356.10360660515937,-346.4611394045953,-336.79290548175396,-327.10049874390694,-317.385437983306,-307.6491686664266,-297.8930648466965,-288.1184311808275,-278.32650503046966,-268.5184586324593,-258.6954013225265,-249.02936056806885,-250.59049622624423,-252.22028942884003,-253.9223333000882,-255.70043208393724,-257.5586155920665,-259.5011548469923,-261.5325790402101,-263.6576939396552,-265.88160189684316,-268.2097236227789,-270.6478219223938,-273.20202760200556,-275.878867791231,-278.68529695323895,-281.62873089325257,-284.71708411776405,-287.95881094566477,-291.3629508290496,-294.93917840743813,-298.69785889579396,-302.6501094967766,-306.80786763247283,-311.1839669152524,-315.79222192294844,-320.64752301687736,-325.76594264645735,-331.1648548289513,-336.8630697859969,-342.8809860701409,-349.24076293899714,-355.966516248214,-363.08454175944416,-370.623570522824,-378.61506193105777,-387.0935411993047,-396.0969894604424,-405.6672964565878,-415.85078805633475,-426.6988436666927,-438.2686222199019,-450.62392003843183,-463.8361898455979,-477.98575794379633,-493.1632867496944,-509.471543327415,-527.0275525286513,-545.9652375968185,-566.4386841795763,-588.6262093818357,-612.7354813935456,-639.0100258588328,-667.7375856536923,-699.2609917797456,-733.9924878522452,-772.4328836971576,-815.1975867526191,-863.0526324678303,-916.9655911684727,-978.1791953384313,-987.4178273110635,-988.4265569518907,-989.4438425135281,-990.4695243212086,-991.5034253523904,-992.5453502526623,-993.5950843063683,-994.6523923602908,-995.7170176988645,-996.7886808697381,-997.8670784582428,-998.9518818093379,-1000.0427356961786,-1001.1392569338157,-1002.2410329374782,-1003.3476202242794,-1004.4585428579796,-1005.5732908362831,-1006.691318420495,-1007.8120424076712,-1008.934840345702,-1010.0590486920273,-1011.1839609173596,-1012.3088255557516,-1013.4328442033877,-1014.5551694688697,-1015.6749028778947,-1016.7910927369583,-1017.902731960216,-1019.0087558655855,-1020.1080399462571,-1021.199397625121,-1022.2815780006933,-1023.3532635939321,-1024.413068106998,-1025.4595342057594,-1026.4911313395519,-1027.5062536130642,-1028.5032177265402,-1029.4802610019453,-1030.4355395149068,-1031.3671263527872,-1032.2730100218962,-1033.1510930279017,-1033.9991906549124,-1034.815029971002,-1035.596249088267,-1036.3403967079314,-1037.0449319814181,-1037.707224719619,-1038.3245559833672,-1038.8941190881706,-1039.4130210571107,-1039.8782845548917,-1040.2868503354568,-1040.63558023491,-1040.921260738935,-1041.1406071523515,-1041.2902683949903,-1041.366832444852
1.0,1.0,8.0,0.0,0.0,0.0,-733.4020492405673,-727.7583941113638,-721.97849035543,-716.0629816552203,-710.0127033036299,-703.8286790314891,-697.5121168317477,-691.0644038188636,-684.4871001722471,-677.7819322224334,-670.9507847469536,-663.9956925504943,-656.9188314099666,-649.7225084702687,-642.4091521795558,-634.9813018554207,-627.441596973635,-619.7927662711008,-612.037616752274,-604.1790226855461,-596.219914672376,-588.1632688665693,-580.0120964156648,-571.7694331902735,-563.4383298601971,-555.021842369449,-546.5230228546512,-537.9449110445988,-529.2905261710797,-520.5628594144836,-511.7648669007235,-502.899463259957,-493.9695157513439,-484.97783895304406,-475.92719001132787,-466.82026443873735,-457.65969244666394,-448.4480357953612,-439.18778514066196,-429.8813578549914,-420.53109629814765,-411.1392665121808,-401.7080573134724,-392.23957975485513,-382.7358669301928,-373.1988740939435,-363.63047906869576,-354.03248291411467,-344.4066108315993,-334.7545132798578,-325.0777672777891,-315.377877871988,-305.65627974789203,-295.91433896444835,-286.1533547940069,-276.3745616501874,-266.57913108827046,-256.7681738638027,-246.94274203684864,-237.10383111072053,-227.40870200460324,-228.64768611542456,-229.94694619110714,-231.30986612582967,-232.74003883204506,-234.24128100828887,-235.81764915293212,-237.47345695092605,-239.2132941761464,-241.04204726929595,-242.96492177158183,-244.98746681709304,-247.11560191325412,-249.35564626872605,-251.7143509631801,-254.1989342932929,-256.81712067587955,-259.5771835430521,-262.4879927269564,-265.5590669046882,-268.80063175984753,-272.22368461720646,-275.84006642523775,-279.66254210054876,-283.7048904133161,-287.9820047886153,-292.51000663263454,-297.30637307209724,-302.39008133131773,-307.7817723766025,-313.50393694849976,-319.5811276994758,-326.0402018843913,-332.9105999475439,-340.2246664562309,-348.01802120379693,-356.3299900185674,-365.2041069660164,-374.6887023490025,-384.8375943663001,-395.71090671496074,-407.3760401312187,-419.90883328847406,-433.39495820619743,-447.93160820476714,-463.629553648139,-480.6156639397469,-499.03602592738366,-519.0598326327516,-540.8842774289325,-564.740775595788,-590.902960171926,-619.6970819749996,-651.5157163436807,-686.8360937321121,-726.2450156169571,-770.4733433852078,-820.4447276662081,-877.3460814107086,-942.7322583491664,-951.4830851941238,-952.0862391815022,-952.6940676887432,-953.3064657875245,-953.9233182879316,-954.5444991907052,-955.1698711163758,-955.7992847112514,-956.4325780292052,-957.0695758887682,-957.7100892053988,-958.3539142979384,-959.0008321689718,-959.6506077587385,-960.3029891725059,-960.9577068804108,-961.6144728902475,-962.2729798928715,-962.9329003799303,-963.5938857344236,-964.2555652938529,-964.9175453866296,-965.5794083420326,-966.2407114742309,-966.9009860413846,-967.5597361808254,-968.2164378210334,-968.8705375725121,-969.5214515987418,-970.1685644691795,-970.8112279967308,-971.4487600617833,-972.080443426179,-972.705524539725,-973.323212343224,-973.9326770713869,-974.5330490606825,-975.1234175660513,-975.7028295923556,-976.2702887455537,-976.8247541102785,-977.3651391598926,-977.8903107064586,-978.3990878979168,-978.8902412706343,-979.3624918659832,-979.8145104197199,-980.2449166339588,-980.6522785414786,-981.0351119729376,-981.3918801374552,-981.7209933283079,-982.020808764262,-982.2896305790523,-982.525709970284,-982.7272455195362,-982.8923836963093,-983.0192195562947,-983.1057976467268,-983.1501131288198
1.0,1.0,9.0,0.0,0.0,0.0,-724.7737495893314,-718.9314245489383,-712.955482676015,-706.8468247491036,-700.6065315672892,-694.2358595491436,-687.7362354420382,-681.1092501909866,-674.3566520255115,-667.4803388298249,-660.4823498682752,-653.3648569433183,-646.1301550670358,-638.7806527300943,-631.3188618535506,-623.7473875089607,-616.0689174915726,-608.2862118291712,-600.4020923059272,-592.4194320772525,-584.3411454459728,-576.1701778657324,-567.909496230985,-559.5620795068663,-551.1309097456256,-542.6189635299398,-534.0292038763178,-525.3645726253762,-516.6279833398808,-507.8223147243575,-498.95040457540574,-490.0150442655755,-481.01897375932003,-471.96487715483863,-462.85537874167323,-453.6930395603365,-444.4803544474905,-435.2197495474443,-425.9135802686862,-416.56412966269005,-407.17360720080364,-397.7441479243839,-388.2778119426476,-378.7765842526939,-369.2423748560571,-359.67701914670755,-350.0822785457411,-340.45984135887403,-330.81132383361455,-321.1382713942142,-311.44216003326824,-301.7243978403043,-291.9863266488785,-282.22922378488863,-272.45430390034767,-262.66272087802633,-252.85556979396006,-243.03388892613788,-233.19866179926368,-223.35081925693697,-213.63926971072186,-214.6859801499312,-215.78774297501832,-216.94779330151044,-218.1695726200649,-219.4567436857443,-220.81320667920306,-222.24311677082608,-223.75090323502474,-225.34129027995203,-227.01931977908117,-228.79037611490503,-230.66021337265823,-232.63498515356497,-234.7212773139875,-236.92614397875826,-239.25714722636548,-241.7224009006273,-244.33061906983568,-247.09116973213918,-250.01413445688098,-253.11037475874264,-256.3916061274489,-259.8704807852142,-263.5606804211805,-267.47702036274086,-271.6355668959992,-276.05376974983153,-280.7506121221971,-285.746781067995,-291.0648616026775,-296.72955852896,-302.7679507940678,-309.2097841717749,-316.08780928438273,-323.4381735019308,-331.30087716123546,-339.7203069495553,-348.7458623451317,-358.4326948983269,-368.84258514489795,-380.04498843467206,-392.118289445071,-405.151316338984,-419.24518042033037,-434.51552716222795,-451.09531168900435,-469.1382491879086,-488.8231427708406,-510.359364717659,-533.9938721071424,-560.0202906486901,-588.7908266508474,-620.7321081398402,-656.3665815877638,-696.341919374254,-741.4722345962996,-792.7971363029003,-851.6685129096396,-919.8818326558646,-928.308796319297,-928.6544144241407,-929.0022460190478,-929.3522222007064,-929.7042685584256,-930.058304908538,-930.4142450183942,-930.771996319942,-931.1314596126927,-931.4925287554145,-931.8550903468945,-932.2190233948088,-932.5841989730002,-932.9504798669418,-933.3177202064503,-933.6857650864863,-934.054450174958,-934.423601307778,-934.7930340709809,-935.162553369519,-935.5319529830608,-935.9010151080533,-936.2695098867885,-936.6371949225731,-937.0038147817188,-937.3691004821915,-937.732768968591,-938.0945225742562,-938.4540484703152,-938.8110181019049,-939.1650866120308,-939.5158922533042,-939.8630557880251,-940.2061798773955,-940.5448484599231,-940.8786261202285,-941.2070574487439,-941.5296663933402,-941.845955603917,-942.1554057705519,-942.4574749574322,-942.7515979327511,-943.037185497074,-943.3136238109819,-943.5802737242168,-943.8364701081032,-944.0815211933977,-944.3147079153332,-944.5352832689305,-944.7424716765072,-944.9354683705237,-945.1134387941722,-945.2755180232507,-945.4208102123325,-945.5483880682948,-945.6572923554938,-945.7465314356041,-945.8150808462701,-945.8618829229258,-945.8858464672035
1.0,1.0,10.0,0.0,0.0,0.0,-719.3021652297888,-713.3381631282763,-707.242415104272,-701.0159695056685,-694.660046509468,-688.1760330798015,-681.5654771136595,-674.8300808285026,-667.9716934540324,-660.992303295633,-653.8940292425187,-646.679111797604,-639.3499037086277,-631.908860281744,-624.3585294593316,-616.7015417427897,-608.9406000395882,-601.0784695108936,-593.1179674928047,-585.0619535593804,-576.9133197912138,-568.6749813075543,-560.3498671139295,-551.9409113115415,-543.4510447078816,-534.8831868622162,-526.24023859295,-517.5250749680893,-508.7405387938096,-499.88943461106237,-490.97452320463844,-481.99851662418416,-472.96407371296607,-463.8737961353579,-454.7302248914084,-445.5358373033476,-436.2930444564527,-427.00418907482685,-417.67154381060914,-408.2973099241939,-398.8836163317721,-389.43251899617354,-379.9460006366618,-370.42597073320627,-360.8742658011479,-351.292649912366,-341.6828154402063,-332.04638400534486,-322.3849076017281,-312.6998698817429,-302.99268758169745,-293.26471206923907,-283.51723099599377,-273.75147003975434,-263.96859472197224,-254.16971228757222,-244.35587363565458,-234.5280752908301,-224.68726140681366,-214.83432579518075,-205.1134025643771,-206.04619904676406,-207.0308532159193,-208.07050172441376,-209.16848547255574,-210.3283645454615,-211.55393443623205,-212.84924368856275,-214.2186131084547,-215.66665671352212,-217.1983046097119,-218.81882801004525,-220.5338666381652,-222.34945879215093,-224.27207438172468,-226.30865129554155,-228.46663550603597,-230.75402537797316,-233.17942071578403,-235.75207716515172,-238.48196667859742,-241.37984486604313,-244.45732618230136,-247.72696805900887,-251.20236527281708,-254.89825606214674,-258.8306417681656,-263.0169220924668,-267.476048446,-272.2286983267464,-277.2974742270786,-282.7071312601508,-288.4848385412109,-294.66048040349244,-301.26700482558346,-308.3408280649237,-315.92230652448495,-324.05628944692785,-332.7927692964145,-342.1876508702869,-352.30366558003124,-363.21146435937794,-374.99093186225383,-387.73277679361684,-401.54046948841005,-416.5326198168972,-432.84591846546414,-450.6388060283641,-470.0960922310762,-491.4348296958674,-514.9118648446413,-540.8336615007182,-569.5692504940745,-601.5675503312841,-637.3809126358948,-677.6977150033091,-723.3884090705992,-775.5721057924973,-835.7154515185722,-905.7840422795159,-914.0228347173999,-914.2196804083574,-914.4175672750341,-914.6164531854398,-914.8162930983739,-915.0170389320214,-915.2186394274416,-915.4210400069708,-915.6241826271687,-915.8280056267348,-916.0324435684258,-916.2374270753701,-916.4428826616384,-916.6487325563858,-916.8548945221403,-917.0612816663772,-917.2678022467148,-917.47435946938,-917.6808512805512,-917.8871701509308,-918.0932028530065,-918.2988302307463,-918.5039269621045,-918.7083613134071,-918.9119948862608,-919.114682356369,-919.3162712040532,-919.5166014366944,-919.7155053027175,-919.912806997153,-920.1083223582923,-920.3018585560901,-920.49321377141,-920.682176866402,-920.8685270462236,-921.052033511552,-921.2324551020818,-921.4095399312471,-921.5830250116919,-921.7526358720681,-921.9180861646428,-922.0790772645505,-922.2352978598617,-922.3864235336555,-922.5321163374986,-922.6720243568443,-922.8057812687139,-922.9330058919618,-923.0533017300957,-923.1662565076331,-923.2714417000411,-923.3684120579364,-923.4567051261474,-923.535840757984,-923.6053206259082,-923.6646277288294,-923.7132258973704,-923.750559297456,-923.7760519337846,-923.7891071538843
1.0,1.0,11.0,0.0,0.0,0.0,-715.9364731993295,-709.8992459963557,-703.7314969456168,-697.4343590572201,-691.0091318613502,-684.4572760257489,-677.7804072098409,-670.9802892121462,-664.0588264738949,-657.0180560081366,-649.860138826518,-642.5873509401412,-635.2020740129246,-627.7067857458749,-620.1040500720399,-612.3965072390092,-604.5868638553868,-596.677882972886,-588.6723742733761,-580.5731844245418,-572.3831876635605,-564.1052766622408,-555.7423537214303,-547.2973223366251,-538.7730791701506,-530.1725064601413,-521.4984648893171,-512.7537869319142,-503.94127069104184,-495.06367423346387,-486.12371042432585,-477.12404225969067,-468.06727869049433,-458.9559709285553,-449.7926092215219,-440.5796200812469,-431.3193639477162,-422.01413326889343,-412.66615097517365,-403.2775693262536,-393.85046910735963,-384.3868591512189,-374.8886761622094,-365.3577848191151,-355.79597813306435,-346.20497803799947,-336.58643619146875,-326.94193496438425,-317.2729885995139,-307.5810445190404,-297.8674847632527,-288.1336275428716,-278.38072888940576,-268.60998438874327,-258.8225309846704,-249.0194488402978,-239.20176324684996,-229.3704465706109,-219.52642023051038,-209.6705567004869,-199.94424149177377,-200.8099284626038,-201.72555042083366,-202.69418187010058,-203.71910008838586,-204.80380008451786,-205.95201084892298,-207.16771303296443,-208.4551582083045,-209.81888987628722,-211.26376641944972,-212.79498621207665,-214.4181151355346,-216.13911677722513,-217.96438563039158,-219.90078365629756,-221.9556806219332,-224.13699868643693,-226.4532617794789,-228.91365039694563,-231.52806253578382,-234.30718160318105,-237.26255226969613,-240.4066653948297,-243.75305334276055,-247.31639723191802,-251.1126479326059,-255.15916295244222,-259.4748617425187,-264.0804024339931,-268.99838359562904,-274.25357531387886,-279.87318477112075,-285.88716257889746,-292.32855746603474,-299.2339286008267,-306.6438269380116,-314.6033596528184,-323.16285512862186,-332.3786503312415,-342.31402804815775,-353.0403388259886,-364.63835210551895,-377.19989387138753,-390.82984529687366,-405.64860008700043,-421.7951099965086,-439.4306919996386,-458.7438323179722,-479.9563103452606,-503.33109241598527,-529.1826318291301,-557.8904905950795,-589.9176245403174,-625.8353389946053,-666.3579880882024,-712.392245770701,-765.1087595084824,-826.0492525110863,-897.2917877130079,-905.4250361245648,-905.5378936440751,-905.651264238616,-905.7651229591488,-905.8794432842502,-905.9941970512378,-906.1093543848724,-906.224883623258,-906.3407512407631,-906.4569217683454,-906.5733577106662,-906.6900194601722,-906.8068652078878,-906.9238508509974,-907.040929897011,-907.1580533642366,-907.275169678893,-907.3922245682097,-907.5091609498046,-907.6259188169465,-907.7424351198538,-907.8586436426613,-907.974474875984,-908.0898558850755,-908.2047101732993,-908.3189575408412,-908.4325139386426,-908.5452913169328,-908.6571974691466,-908.7681358700216,-908.8780055085385,-908.9867007150606,-909.0941109830115,-909.2001207843293,-909.304609378998,-909.4074506186847,-909.5085127436053,-909.6076581731625,-909.7047432900882,-909.7996182175385,-909.8921265896103,-909.9821053145938,-910.0693843312423,-910.153786357692,-910.2351266330302,-910.3132126512633,-910.3878438877488,-910.4588115178447,-910.5258981277926,-910.5888774176755,-910.6475138962688,-910.7015625681809,-910.7507686124425,-910.7948670534788,-910.8335824234737,-910.866628416952,-910.8937075369969,-910.9145107335811,-910.9287170337126,-910.9359931637329
1.0,1.0,12.0,0.0,0.0,0.0,-713.9074971604505,-707.8267145671687,-701.6161740440266,-695.2770573600665,-688.8107095162053,-682.2186331773592,-675.5024823708884,-668.6640555091701,-661.7052877998366,-654.6282431131187,-647.4351053778535,-640.1281695826356,-632.7098324584383,-625.1825829208133,-617.5489923485202,-609.8117047743996,-601.9734270621165,-594.0369191381371,-586.0049843458562,-577.8804599828165,-569.6662080779564,-561.3651064595011,-552.9800401589881,-544.5138931907635,-535.9695407403926,-527.3498417893381,-518.657632197737,-509.8957182613418,-501.0668707533076,-492.1738194568003,-483.21924818939146,-474.20579031614994,-465.13602474457986,-456.01247239101235,-446.837593105149,-437.61378303685586,-428.34337242734205,-419.02862380490836,-409.6717305642845,-400.2748159074062,-390.839932122952,-381.36906018149796,-371.8641096230996,-362.3269187141573,-352.7592548508027,-343.1628151867275,-333.5392274635795,-323.8900510235599,-314.2167779842922,-304.52083455683737,-294.8035824898787,-285.0663206226765,-275.31028653224973,-265.53665826007506,-255.74655610592265,-245.94104447724675,-236.121133784013,-226.28778237060493,-216.44189847765008,-206.5843422287031,-196.8549087376223,-197.68120073455842,-198.556283471385,-199.48319338690592,-200.46516874560234,-201.50566460245088,-202.60836906641484,-203.77722099802463,-205.0164292930745,-206.33049392359413,-207.72422892936095,-209.20278757835817,-210.7716899434505,-212.43685317628618,-214.2046247979358,-216.08181937065672,-218.07575896730924,-220.19431791566913,-222.44597236573662,-224.8398553112802,-227.3858177944125,-230.09449713712223,-232.97739317947446,-236.04695366567455,-239.31667011113097,-242.8011857126982,-246.51641713954558,-250.4796923726053,-254.7099071604079,-259.22770314446257,-264.0556712985737,-269.2185850509765,-274.7436683497291,-280.6609050346668,-287.0033972512875,-293.80778235795145,-301.1147199381072,-308.9694632647778,-317.4225330533584,-326.53051581904566,-336.357014952769,-346.9737901930785,-358.46213112169136,-370.9145235241797,-384.43668517422054,-399.1500716069475,-415.1949853471309,-432.7344676950111,-451.959216317815,-473.0938633475464,-496.4050811117802,-522.2121776598851,-550.901136893156,-582.9435063117764,-618.9222376340635,-659.5677140319892,-705.8090634531934,-758.8490426940275,-820.276417157619,-892.2401775734686,-900.3139615081468,-900.3791417901615,-900.4445891426041,-900.5102889392508,-900.5762256802672,-900.642382954605,-900.7087434009666,-900.7752886672903,-900.8419993685839,-900.9088550432016,-900.9758341073791,-901.0429138080436,-901.1100701739213,-901.1772779645524,-901.2445106176531,-901.3117401941167,-901.3789373213892,-901.4460711342048,-901.5131092134657,-901.5800175227453,-901.6467603422057,-901.7133002003216,-901.7795978029034,-901.8456119594797,-901.911299507069,-901.976615230999,-902.0415117829358,-902.1059395957219,-902.1698467953663,-902.2331791095984,-902.2958797732481,-902.3578894300243,-902.4191460309495,-902.4795847291675,-902.5391377706604,-902.5977343814997,-902.6553006507834,-902.7117594096427,-902.7670301057923,-902.8210286739576,-902.87366740147,-902.9248547895324,-902.9744954094086,-903.0224897539302,-903.0687340836545,-903.113120268225,-903.1555356218613,-903.1958627338773,-903.2339792930491,-903.2697579066136,-903.303065913111,-903.3337651891675,-903.3617119499202,-903.3867565433636,-903.4087432377981,-903.4275100028691,-903.4428882835579,-903.4547027674557,-903.4627711445728,-903.4669038601835
1.0,1.0,13.0,0.0,0.0,0.0,-712.6998353885641,-706.5933362601841,-700.3575429793995,-693.9936655170801,-687.5030750900214,-680.8872984896826,-674.1480116953594,-667.2870328293213,-660.3063145187567,-653.2079357326267,-645.9940931662692,-638.6670922484093,-631.2293378469202,-623.6833247506064,-616.0316280021174,-608.2768931574826,-600.4218265435386,-592.4691855821609,-584.4217692459418,-576.2824087051844,-568.0539582212928,-559.7392863360136,-551.3412674002988,-542.8627734807014,-534.3066666755033,-525.6757918667363,-516.9729699287893,-508.20099140839613,-499.362610686267,-490.46054062503237,-481.4974477041735,-472.47594763819706,-463.39860147066975,-454.26791213347,-445.0863214577706,-435.8562076207584,-426.57988300981856,-417.2595924850161,-407.8975120183095,-398.49574768797834,-389.05633500569144,-379.58123855307036,-370.0723519051099,-360.53149781749966,-350.96042865544405,-341.3608270420941,-331.7343067053048,-322.0824135025103,-312.40662660417854,-302.7083598171903,-292.9889630312263,-283.2497237715522,-273.49186884344,-263.7165660544171,-253.92492600181959,-244.11800391469438,-234.2968015401631,-224.46226906620498,-214.61530707414695,-204.7567685161407,-195.025525112671,-195.82874108548643,-196.68007179265828,-197.58253079365008,-198.53933288700262,-199.55390907879612,-200.6299228524757,-201.7712878758295,-202.98218729759375,-204.2670948056453,-205.63079764046742,-207.078421783394,-208.61545956764516,-210.2477999945788,-211.98176207584228,-213.82413156754245,-215.78220151501412,-217.86381708771646,-220.0774252552477,-222.43212993914102,-224.93775337344564,-227.60490452288317,-230.4450555445927,-233.470627441974,-236.6950862527084,-240.13305134448814,-243.8004176692068,-247.7144941605078,-251.89416086320972,-256.36004787336105,-261.1347397654886,-266.24300991592645,-271.71209003307087,-277.57198132136494,-283.8558150952006,-290.60027239703186,-297.84607436340127,-305.638557856769,-314.0283544204913,-323.07219516338347,-332.8338700692808,-343.38537791671735,-354.8083131159821,-367.1955492239518,-380.65329694979636,-395.3036389479607,-411.2876772797243,-428.76947605900057,-447.9410474169616,-469.02872258564275,-492.30138570714587,-518.081248274349,-546.7581431179607,-578.8087786632609,-614.8231191096052,-655.5412236099612,-701.9058122243879,-755.1391382847222,-816.8586294513265,-889.2566623443519,-897.2965149974458,-897.3343455934516,-897.3723213949072,-897.4104338504227,-897.4486739133287,-897.4870320204982,-897.5254980704632,-897.5640614004966,-897.6027107629882,-897.6414343007755,-897.6802195213918,-897.7190532707281,-897.7579217051407,-897.7968102628816,-897.8357036341449,-897.8745857301652,-897.913439651102,-897.9522476523537,-897.9909911100918,-898.0296504851085,-898.0682052853236,-898.1066340269562,-898.1449141942334,-898.1830221972727,-898.2209333287846,-898.258621718735,-898.2960602876277,-898.3332206976726,-898.3700733023622,-898.4065870939952,-898.4427296494027,-898.4784670733218,-898.5137639399427,-898.5485832320944,-898.5828862782639,-898.616632687089,-898.6497802795848,-898.6822850188593,-898.7141009370226,-898.7451800595726,-898.7754723269861,-898.8049255132714,-898.8334851417354,-898.8610943975668,-898.8876940370764,-898.9132222940041,-898.9376147821181,-898.9608043942973,-898.9827211982266,-899.0032923280778,-899.0224418723938,-899.0400907580826,-899.056156630273,-899.0705537276473,-899.0831927537167,-899.0939807434992,-899.1028209254425,-899.1096125785656,-899.1142508847695,-899.116626775938
1.0,1.0,14.0,0.0,0.0,0.0,-711.9866143340012,-705.8650000242743,-699.6143686053164,-693.2359464148755,-686.7311198540309,-680.1014296576917,-673.3485644596046,-666.4743537104061,-659.4807600131786,-652.3698709448154,-645.1438904360025,-637.8051297837666,-630.3559983730737,-622.7989941832238,-615.1366941548526,-607.3717444911309,-599.5068509640142,-591.5447692939022,-583.4882956660105,-575.3402574427791,-567.1035041262157,-558.7808986188737,-550.3753088263782,-541.8895996387304,-533.3266253215271,-524.6892223427501,-515.980202654974,-507.20234744762,-498.35840137848095,-489.45106728901106,-480.48300140381065,-471.45680900978374,-462.37504060797966,-453.2401885267436,-444.05468398282756,-434.82089457432477,-425.54112218731393,-416.2176012966225,-406.8524976398447,-397.4479072425235,-388.0058557725273,-378.5282982004459,-369.0171187434813,-359.47413107013784,-349.90107874349565,-340.2996358812774,-330.67140801185263,-321.0179331059016,-311.34068276449295,-301.64106354539365,-291.9204184104303,-282.18002827783295,-272.4211136649695,-262.64483640758556,-252.8523014436991,-243.0445586508515,-233.22260472743602,-223.38738511007205,-213.53979592059417,-203.68068593814735,-193.94838957221776,-194.73810608285953,-195.57553979753123,-196.463690682385,-197.40575958835842,-198.40516322134306,-199.46555041529012,-200.5908198441703,-201.78513932576934,-203.05296688931332,-204.39907380144246,-205.8285697699727,-207.34693057468294,-208.96002840759442,-210.67416524471923,-212.4961096160766,-214.4331371939333,-216.4930756799114,-218.68435454392215,-221.0160602514404,-223.49799771449506,-226.14075881833,-228.95579901308142,-231.95552312350884,-235.1533817240858,-238.5639796595624,-242.20319856967177,-246.0883356128337,-250.23826098949064,-254.67359735907337,-259.4169248460347,-264.49301606743717,-269.9291065226405,-275.75520680973983,-282.00446453230893,-288.713585511881,-295.92332612791375,-303.67907140438666,-312.0315170313943,-321.03747810023503,-330.7608532743451,-341.2737808821098,-352.6580336436231,-365.0067123380658,-378.4263169721532,-393.0392987778328,-408.98723036180036,-426.434778560331,-445.57473105571705,-466.6344228031418,-489.88404615478794,-515.647532032223,-544.3169955466914,-576.372209482564,-612.407307703597,-653.1681115474653,-699.6054488361447,-752.953224070994,-814.8460289295024,-887.5022824701572,-895.5225786838403,-895.5445971245717,-895.5666968394737,-895.5888728324576,-895.6111198231765,-895.633432234753,-895.6558041813747,-895.6782294551499,-895.7007015125807,-895.7232134604484,-895.7457580410941,-895.768327617252,-895.7909141561792,-895.8135092132699,-895.8361039147724,-895.858688940162,-895.8812545036787,-895.9037903349604,-895.926285659324,-895.9487291768403,-895.9711090410069,-895.9934128361328,-896.015627554306,-896.0377395711283,-896.0597346207136,-896.0815977695592,-896.1033133895485,-896.1248651298248,-896.1462358874945,-896.1674077775366,-896.1883621010722,-896.2090793127717,-896.2295389868785,-896.2497197819897,-896.2695994043751,-896.2891545699579,-896.308360964869,-896.3271932044711,-896.3456247907845,-896.3636280683832,-896.3811741783969,-896.3982330111671,-896.414773156585,-896.4307618530485,-896.4461649341223,-896.4609467734825,-896.475070227373,-896.4884965754767,-896.5011854590806,-896.5130948169837,-896.524180819402,-896.5343977988671,-896.5436981790017,-896.5520324002871,-896.5593488433518,-896.5655937493525,-896.5707111373091,-896.5746427184918,-896.5773278076671,-896.5787032311001
1.0,1.0,15.0,0.0,0.0,0.0,-711.5673702625671,-705.4368960209772,-699.1775686030161,-692.790623866858,-686.2774570357536,-679.6396169349841,-672.8787995295212,-665.9968408210178,-658.9957091688217,-651.8774971029504,-644.6444127021696,-637.2987706104673,-629.8429827685046,-622.2795489353983,-614.6110470759629,-606.8401236868992,-598.969484132313,-591.0018830561482,-582.9401149344988,-574.7870048266196,-566.5453993778964,-558.2181581230693,-549.8081451321872,-541.3182210356048,-532.7512354594563,-524.1100198960661,-515.39738102938,-506.61609452941525,-497.76889932453065,-488.8584923562206,-479.88752381601046,-470.8585928604159,-461.77424379623903,-452.636962725234,-443.44917463428254,-434.2132409152545,-424.9314572962428,-415.6060521646372,-406.23918526116427,-396.8329467230357,-387.38935645405184,-377.91036379871656,-368.39784749802845,-358.8536159041397,-349.2794074318785,-339.67689122553537,-330.0476680201466,-320.3932711769359,-310.71516787409126,-301.0147604345701,-291.29338777395805,-281.5523269525223,-271.79279481679106,-262.0159497171297,-252.2228932891635,-242.414672288532,-232.592280469063,-222.75666049703474,-212.90870589496106,-203.04926301041962,-193.31635317040116,-194.09817869099913,-194.92748831312124,-195.80727398351522,-196.74072832263624,-197.73125959574193,-198.78250798769713,-199.8983633177374,-201.08298434723267,-202.340819852726,-203.67663165895928,-205.0955198516002,-206.6029504192875,-208.20478560781058,-209.90731730887714,-211.71730385096794,-213.64201061258746,-215.6892549397745,-217.86745592150905,-220.18568966079212,-222.65375077830677,-225.2822210020789,-228.08254583497143,-231.0671204551229,-234.24938620021015,-237.6439392190887,-241.26665315451504,-245.1348180572525,-249.2672981396512,-253.68471147142583,-258.4096353242051,-263.4668416112821,-268.88356778056914,-274.68982964742173,-280.91878405911746,-287.607151042049,-294.795707299698,-302.52986573963545,-310.860359295693,-319.8440519247848,-329.54490563467425,-340.035140206297,-351.39663256132485,-363.7226164045591,-377.11976114264576,-391.7107340175538,-407.63738362896663,-425.06473060552275,-444.1860182104001,-465.2291714474161,-488.4651522772836,-514.2189038989056,-542.8838860967023,-574.9416785546948,-610.9888758570366,-651.7747029681105,-698.2547815576179,-751.6699125899441,-813.664859778716,-886.4734975321835,-894.4824541476136,-894.4952885602704,-894.5081692772243,-894.521093380373,-894.534057787115,-894.5470592434044,-894.5600943166262,-894.5731593878263,-894.5862506442119,-894.5993640705098,-894.6124954410815,-894.6256403106484,-894.6387940053479,-894.6519516133084,-894.6651079745908,-894.6782576708879,-894.6913950150811,-894.7045140398236,-894.717608486281,-894.7306717919181,-894.7436970782132,-894.7566771375592,-894.7696044197852,-894.7824710183985,-894.7952686557684,-894.8079886680509,-894.8206219897905,-894.8331591371694,-894.8455901913454,-894.8579047806992,-894.8700920627457,-894.8821407047307,-894.8940388642538,-894.9057741686707,-894.9173336935205,-894.928703940632,-894.9398708150724,-894.9508196013103,-894.9615349380108,-894.9720007928898,-894.9822004353013,-894.9921164088144,-895.0017305021477,-895.0110237192292,-895.0199762481234,-895.0285674283161,-895.0367757175787,-895.0445786567705,-895.0519528336969,-895.0588738453713,-895.065316259186,-895.0712535721262,-895.0766581688517,-895.0815012778266,-895.0857529259589,-895.0893818917125,-895.0923556558389,-895.0946403511144,-895.0962007091365,-895.0970000061967
1.0,1.0,16.0,0.0,0.0,0.0,-711.3216152209302,-705.1859560067113,-698.9215400817733,-692.5296088504857,-686.0115626720375,-679.3689550777397,-672.6034862930928,-665.7169961228753,-658.7114562635784,-651.5889621121518,-644.3517241427791,-637.0020589262826,-629.5423798673621,-621.9751877356,-614.3030610648657,-606.5286464941969,-598.6546491207057,-590.6838229311672,-582.6189613756991,-574.4628881412431,-566.2184481785641,-557.8884990302308,-549.4759025017635,-540.9835167126789,-532.4141885574161,-523.7707466015179,-515.0559944323606,-506.2727044780463,-497.4236123036991,-488.5114113891143,-479.5387483876828,-470.50821886211014,-461.4223634892501,-452.2836647230616,-443.0945439019175,-433.8573587839199,-424.5744014925663,-415.2478968527735,-405.88000109659015,-396.47280091670115,-387.02831284569464,-377.54848293826944,-368.03518673372264,-358.4902294764535,-348.91534657233507,-339.31220425931434,-329.6824004716986,-320.02746587779745,-310.348865072266,-300.6479979047119,-290.9262009278147,-281.18474894920763,-271.4248566723238,-261.6476804129231,-251.85431987924687,-242.0458200050229,-232.22317282604112,-222.3873193924307,-212.53915171054535,-202.67951471008138,-192.94624710982956,-193.72346216778925,-194.54802487811523,-195.4229224764339,-196.35134274743123,-197.33668899633597,-198.38259632473242,-199.49294934688376,-200.6719014997358,-201.92389611911963,-203.25368947672644,-204.6663759981156,-206.16741591119236,-207.76266560846648,-209.45841104570724,-211.26140454481114,-213.17890542166657,-215.21872492133537,-217.38927601458786,-219.6996286946015,-222.15957151115276,-224.77968019718548,-227.57139438025538,-230.54710353608064,-233.72024353631122,-237.10540537683346,-240.71845795257275,-244.5766870828694,-248.69895339953422,-253.105872205516,-257.82001901734645,-262.8661652457659,-268.2715493830369,-274.0661901963491,-280.2832498355634,-286.95945652759957,-294.13559875218726,-301.8571056125148,-310.1747317119683,-319.14536947616267,-328.8330178549872,-339.309944172712,-350.65808621690695,-362.9707553856004,-376.35472015348375,-390.93277415422284,-406.8469275543536,-424.2624081882127,-443.372726257285,-464.4061526429476,-487.6341006345304,-513.3821073316442,-542.0444217917263,-574.1036847816331,-610.1579366384161,-650.9584031361813,-697.4635256307063,-750.9181641151088,-812.9730735498051,-885.8712389359512,-893.8735986995816,-893.8810854934247,-893.8885989426942,-893.8961373432599,-893.9036988953293,-893.9112816998371,-893.9188837536145,-893.9265029456775,-893.9341370522421,-893.9417837321208,-893.9494405219409,-893.9571048307653,-893.9647739351548,-893.9724449730696,-893.980114938902,-893.9877806768149,-893.9954388749273,-894.0030860586979,-894.0107185842948,-894.0183326316992,-894.0259241972501,-894.0334890862227,-894.0410229051924,-894.0485210534887,-894.0559787151108,-894.063390849765,-894.0707521837722,-894.0780572005907,-894.085300130881,-894.0924749422088,-894.0995753286701,-894.1065946994562,-894.1135261675917,-894.1203625378253,-894.1270962943152,-894.1337195875575,-894.1402242212345,-894.1466016379409,-894.1528429049409,-894.1589386990088,-894.164879290728,-894.1706545284849,-894.1762538211067,-894.181666120919,-894.1868799049627,-894.1918831564768,-894.1966633449254,-894.2012074057202,-894.205501718869,-894.2095320871999,-894.2132837129396,-894.2167411744716,-894.21988840122,-894.2227086481621,-894.2251844690373,-894.2272976887696,-894.2290293746671,-894.2303598064248,-894.2312684452886,-894.2317339016101
1.0,1.0,17.0,0.0,0.0,0.0,-711.1777935091008,-705.0391028805205,-698.771712122227,-692.3768658726088,-685.8559674840625,-679.2105732295424,-672.4423858151795,-665.5532472586423,-658.5451311967396,-651.4201346915178,-644.1804696066654,-636.8284536285157,-629.3665010068814,-621.7971130914347,-614.1228687382833,-606.3464146596432,-598.4704557866685,-590.4977457127316,-582.4310772791548,-574.2732733622038,-566.02717791402,-557.6956473050998,-549.2815420103265,-540.7877186749017,-532.2170225905863,-523.5722806066902,-514.8562944955721,-506.0718347858512,-497.22163507285154,-488.30838680945436,-479.33473457790853,-470.3032718375937,-461.21653714150847,-452.07701080960703,-442.88711204614975,-433.6491964842451,-424.36555413961497,-415.03840775442643,-405.6699115095664,-396.2621500843963,-386.81713804128265,-377.3368195123976,-367.82306816616926,-358.277687431332,-348.7024109558206,-339.0989032798361,-329.46876070171623,-319.81351231698244,-310.13462121142425,-300.4334857902537,-290.71144122642653,-280.96976101227494,-271.20965859999063,-261.43228911754596,-251.6387511480507,-241.83008856177796,-232.00729239173594,-222.1713027448428,-212.3230107427273,-202.46326048769518,-192.7297841938913,-193.5043062771517,-194.3260962249225,-195.19813851223932,-196.12361808984943,-197.1059353560396,-198.1487224329078,-199.25586088361683,-200.43150102371155,-201.6800829990824,-203.00635982532032,-204.41542260867996,-205.91272819834845,-207.50412955339962,-209.19590914718717,-210.99481577720505,-212.90810520143322,-214.9435850838269,-217.10966480319456,-219.4154107647308,-221.87060795213552,-224.4858285755851,-227.2725088088969,-230.24303477398175,-233.41083912580163,-236.79050982521983,-240.39791296775496,-244.25033187382363,-248.36662505534528,-252.76740616952475,-257.4752496769604,-262.5149266629389,-267.9136761968861,-273.7015187363398,-279.9116194940157,-286.5807114519679,-293.74958993377044,-301.46369346852794,-309.77378928452436,-318.73678640655476,-328.416705337666,-338.8858411545025,-350.2261671891932,-362.5310402282888,-375.90728664177453,-390.47777394923895,-406.38460679292933,-423.7931342030352,-442.8970225560578,-463.92474514468205,-487.14797944885515,-512.8926103055766,-541.5533490268059,-573.6134579985527,-609.6718247792785,-650.4808480026514,-697.000622470862,-750.4783892700123,-812.5684194221967,-885.5190472352468,-893.5175628629341,-893.5219319783212,-893.5263165300281,-893.5307155228815,-893.5351279060939,-893.5395525710031,-893.5439883484952,-893.5484340065588,-893.5528882477204,-893.5573497059329,-893.561816944237,-893.5662884514379,-893.5707626389495,-893.5752378380523,-893.5797122957973,-893.5841841724623,-893.5886515370024,-893.5931123640211,-893.597564529518,-893.6020058068435,-893.6064338626203,-893.6108462520956,-893.615240415087,-893.6196136706214,-893.6239632124062,-893.6282861036505,-893.6325792715569,-893.6368395021595,-893.6410634341597,-893.6452475531735,-893.6493881855799,-893.6534814917568,-893.6575234597265,-893.6615098979916,-893.6654364283485,-893.6692984782266,-893.6730912729782,-893.6768098278137,-893.6804489391382,-893.6840031757927,-893.6874668701569,-893.6908341083417,-893.6940987205153,-893.6972542706079,-893.7002940455151,-893.7032110443325,-893.7059979665762,-893.7086472002551,-893.7111508096856,-893.7135005222165,-893.7156877151417,-893.7177034014712,-893.7195382157872,-893.7211823989514,-893.7226257824358,-893.7238577723443,-893.7248673322134,-893.7256429657886,-893.7261726986087,-893.7264440591539
1.0,1.0,18.0,0.0,0.0,0.0,-711.0937074508878,-704.953245497167,-698.6841165374169,-692.2875670966723,-685.7650022731765,-679.1179799385384,-672.3482042448657,-665.4575184993151,-658.4478974686726,-651.3214391842785,-644.0803563179704,-636.7269672041971,-629.2636865828478,-621.6930161389312,-614.0175349132953,-606.2398896573807,-598.3627852022465,-590.3889749080006,-582.321251257336,-574.1624366499656,-565.9153744518612,-557.5829203460523,-549.1679340276393,-540.6732712783256,-532.1017764513091,-523.4562753914053,-514.73956880881,-505.9544261209724,-497.10357977085084,-488.18972002604744,-479.2154902575962,-470.18348269531106,-461.09623465038305,-451.9562251954866,-442.7658722875903,-433.52753031779713,-424.24348807024086,-414.91596706997956,-405.54712029952304,-396.1390312619958,-386.69371336867636,-377.2131096286524,-367.6990926176525,-358.15346470373623,-348.5779585082055,-338.9742375796519,-329.34389726101926,-319.68846572934297,-310.00940518930577,-300.30811320274125,-290.5859241369497,-280.8441107163214,-271.083885662509,-261.3064034100631,-251.51276188523138,-241.7040043375137,-231.88112121457533,-222.0450520727985,-212.19668751741153,-202.33687116788795,-192.6032730716197,-193.37622245780761,-194.19639308219595,-195.06676780459367,-195.99052991755096,-196.9710781182874,-198.01204278539254,-199.11730369642044,-200.2910093401232,-201.5375979953339,-202.86182077175073,-204.26876683264337,-205.76389104925218,-207.35304437057889,-209.0425072309629,-210.83902636417568,-212.7498554446907,-214.7828000390203,-216.94626742201598,-219.24932189687235,-221.70174635786705,-224.31411095060486,-227.09784982439194,-230.0653471346383,-233.2300336494903,-236.60649554876707,-240.2105972841076,-244.05962070716456,-248.17242308204354,-252.5696170947223,-257.27377657847654,-262.3096724176405,-267.70454400734656,-273.4884127807404,-279.6944457273802,-286.3593785943577,-293.52401069014843,-301.23378603686115,-309.5394792245838,-318.4980089618762,-328.17340833016743,-338.6379886073251,-349.9737438808199,-362.2740574465239,-375.6457894950544,-390.21185071575366,-406.1144009598503,-423.5188600924812,-442.61898578307034,-463.6433696629502,-486.8638436927341,-512.606496073491,-541.2663084955286,-573.3269069965733,-609.3876748511956,-650.2016970687175,-696.730036268151,-750.2213275762056,-812.3319010492297,-885.3132244823274,-893.3094980756276,-893.3120483687366,-893.3146076324279,-893.3171752855418,-893.3197507146139,-893.3223332723669,-893.3249222763667,-893.3275170074007,-893.3301167081742,-893.3327205815074,-893.335327788777,-893.3379374480172,-893.3405486324093,-893.3431603682693,-893.3457716329116,-893.3483813528487,-893.3509884017308,-893.3535915979194,-893.3561897024942,-893.3587814166511,-893.3613653792678,-893.3639401645061,-893.3665042791713,-893.3690561595781,-893.3715941691713,-893.3741165951677,-893.376621645666,-893.3791074463292,-893.3815720369837,-893.3840133683523,-893.3864292980708,-893.3888175872985,-893.3911758964687,-893.3935017815194,-893.3957926894024,-893.3980459538176,-893.4002587907238,-893.4024282933851,-893.4045514275219,-893.4066250262447,-893.408645784597,-893.4106102541077,-893.4125148370358,-893.4143557802446,-893.4161291691616,-893.4178309211441,-893.4194567787555,-893.4210023031209,-893.4224628660721,-893.423833643019,-893.4251096051953,-893.4262855110228,-893.4273558980951,-893.4283150742668,-893.4291571082147,-893.4298758204286,-893.4304647729417,-893.4309172592042,-893.4312262934852,-893.431384599581
1.0,1.0,19.0,0.0,0.0,0.0,-711.0445737127593,-704.9030770697042,-698.6329327904159,-692.2353885009686,-685.7118503183486,-679.0638770468075,-672.2931736819967,-665.4015842829333,-658.3910842753204,-651.2637722553299,-644.0218613656806,-636.6676703180531,-629.2036141373427,-621.6321947032185,-613.9559911632447,-606.1776502906032,-598.2998768566541,-590.3254240843283,-582.257084245705,-574.0976794611312,-565.8500527532346,-557.5170594027911,-549.1015586484922,-540.6064057668491,-532.0344445623056,-523.3885002922606,-514.6713730459322,-505.88583159120327,-497.0346076975694,-488.1203909398288,-479.1458239812647,-470.1134983331361,-461.02595058119425,-451.88565906929017,-442.6950410256554,-433.45645011594485,-424.1721744047398,-414.84443470620977,-405.4753833028726,-396.06710301078147,-386.62160656900693,-377.14083633066457,-367.62666423328454,-358.0808920255628,-348.50525172919873,-338.9014063137351,-329.2709505642475,-319.61541212141117,-309.93625267544144,-300.2348692956901,-290.5125958790807,-280.77070470159134,-271.01040805838795,-261.2328599791335,-251.43915800661372,-241.6303450279183,-231.80741114899666,-221.97129560485115,-212.12288869926556,-202.26303376989856,-192.52936457427728,-193.3013955920111,-194.12062061038773,-194.99002154493235,-195.9127807188188,-196.89229583483248,-197.93219625212507,-199.03636070437395,-200.20893661217784,-201.45436116274925,-202.77738435133924,-204.18309420504718,-205.67694443852665,-207.26478482520704,-208.95289460705305,-210.74801931080546,-212.65741139231113,-214.688875191272,-216.8508167517219,-219.15229914721218,-221.603104049447,-224.21380039604503,-226.9958211514941,-229.96154932014824,-233.1244145655023,-236.499002024413,-240.1011751855057,-243.94821503949805,-248.05897811848146,-252.45407653774967,-257.15608376065745,-262.18977055038977,-267.582376488403,-273.3639235735133,-279.56757982880396,-286.23008261180536,-293.39223355385184,-301.09947988062055,-309.40260047717015,-318.35851970328264,-328.03127798249284,-338.49319605097753,-349.8262801151571,-362.12392895160065,-375.4930225035006,-390.05649667564296,-405.9565435701473,-423.35862443477333,-442.45655027839797,-463.4789818796497,-486.69784147299384,-512.4393361098765,-541.0986055100059,-573.1594882767371,-609.2216574752252,-650.0385994063946,-696.5719425924154,-750.071137391177,-812.1937181518609,-885.1929856961137,-893.1879509982383,-893.1894398065763,-893.1909338383966,-893.1924327543434,-893.193936196291,-893.1954437862864,-893.196955125924,-893.1984697954159,-893.1999873525184,-893.201507332093,-893.20302924445,-893.2045525749188,-893.2060767825308,-893.2076012989164,-893.2091255273083,-893.210648841189,-893.2121705832265,-893.2136900638213,-893.2152065600038,-893.2167193138444,-893.2182275311053,-893.2197303798112,-893.2212269886608,-893.2227164451763,-893.2241977944823,-893.2256700371813,-893.2271321278454,-893.2285829727429,-893.2300214282525,-893.2314462987295,-893.2328563341235,-893.2342502282859,-893.235626616276,-893.23698407202,-893.2383211060068,-893.2396361626228,-893.2409276175962,-893.2421937750798,-893.2434328646982,-893.2446430387872,-893.245822369174,-893.2469688438365,-893.2480803637241,-893.2491547389798,-893.2501896858491,-893.2511828221255,-893.2521316638441,-893.2530336208896,-893.2538859930494,-893.2546859651353,-893.2554306028858,-893.2561168477885,-893.256741512573,-893.2573012755221,-893.2577926756551,-893.2582121068018,-893.2585558120195,-893.258819877468,-893.2590002263373,-893.2590926121215
1.0,1.0,20.0,0.0,0.0,0.0,-711.0158729720915,-704.8737720478273,-698.6030348070173,-692.2049095182587,-685.6808028932611,-679.0322742805432,-672.261029167943,-665.3689120532107,-658.3578987464382,-651.2300881732156,-643.9876937508151,-636.6330344108328,-629.1685253442045,-621.5966685437962,-613.9200432190511,-606.1412961555975,-598.2631320894353,-590.2883041629823,-582.2196045250121,-574.0598551323974,-565.8118988069452,-557.4785905941294,-549.0627894659051,-540.5673504035069,-531.9951168906239,-523.3489138413554,-514.6315409821303,-505.8457667012847,-496.9943223748724,-488.0798971729306,-479.1051333453642,-470.07262198361326,-460.98489924972523,-451.8444430618615,-442.6536702226513,-433.4149339739671,-424.13052196017765,-414.8026545803162,-405.4334837080658,-396.02509175825355,-386.57949107730366,-377.0986236354209,-367.58436099733336,-358.03850455011644,-348.462785965311,-338.85886787439506,-329.22834473662954,-319.57274387955147,-309.8935266929671,-300.19208995867456,-290.469767298939,-280.7278307279614,-270.9674922918637,-261.1899057839552,-251.396168523121,-241.58732318485977,-231.76435967559644,-221.92821704276398,-212.07978541415613,-202.2199079628602,-192.48619726073147,-193.25769203190856,-194.07636489582092,-194.94519721626526,-195.8673707500294,-196.8462826187766,-197.88556158607946,-198.989085775553,-200.1610019837085,-201.4057467597861,-202.72806944785887,-204.13305741102857,-205.62616368804663,-207.21323736535496,-208.9005569880217,-210.69486737738154,-212.60342027701031,-214.63401930955155,-216.79506979963153,-219.0956341020083,-221.54549317373426,-224.1552152461386,-226.9362325910621,-229.90092753978317,-233.06272910983805,-236.4362218280422,-240.03726861960178,-243.8831499714959,-247.99272198719487,-252.38659644754318,-257.08734659867594,-262.1197431317277,-267.51102573560536,-273.291216738063,-279.49348476422654,-286.1545681106386,-293.31526976347266,-301.0210388176289,-309.3226566647366,-318.2770509631362,-327.94826642244755,-338.4086293009174,-349.7401528809423,-362.0362449786647,-375.4037970721188,-389.96575979191914,-405.864344075869,-423.2650353419559,-442.36167575456165,-463.38296648328406,-486.60088249681445,-512.3417002776883,-541.0006518697924,-573.061700068689,-609.124687260628,-649.9433342311016,-696.4796001963625,-749.9834119429336,-812.1130076797995,-885.1227596615023,-893.1169613386024,-893.1178305304699,-893.118702767373,-893.1195778512209,-893.1204555728651,-893.1213357116734,-893.1222180349786,-893.1231022977707,-893.1239882418763,-893.1248755955964,-893.1257640732923,-893.1266533743798,-893.1275431830564,-893.128433167618,-893.1293229796513,-893.1302122534711,-893.1311006053967,-893.1319876329065,-893.1328729140048,-893.1337560063166,-893.1346364462304,-893.1355137482005,-893.1363874035425,-893.1372568799022,-893.138121619862,-893.1389810400658,-893.1398345304478,-893.1406814526206,-893.1415211391511,-893.1423528922444,-893.1431759822774,-893.1439896470838,-893.1447930898323,-893.1455854784515,-893.1463659435061,-893.1471335772021,-893.1478874315492,-893.1486265167782,-893.1493497997621,-893.1500562020818,-893.1507445984431,-893.1514138146192,-893.1520626256001,-893.152689753252,-893.1532938647165,-893.1538735696356,-893.1544274183665,-893.15495389921,-893.1554514361593,-893.1559183861962,-893.1563530366407,-893.1567536024788,-893.1571182232361,-893.1574449603853,-893.1577317936091,-893.1579766180781,-893.1581772409223,-893.1583313776442,-893.1584366485458,-893.1584905748181
1.0,1.0,21.0,0.0,0.0,0.0,-710.9991110762747,-704.856657277875,-698.5855737754939,-692.1871092130466,-685.662670649276,-679.0138177503602,-672.2422562915061,-665.3498310264441,-658.3385179896062,-651.2104162988755,-643.9677395315808,-636.6128067476043,-629.1480332348202,-621.5759210518784,-613.8990494444444,-606.1200652050031,-598.2416730489698,-590.2666260715947,-582.1977163494346,-574.0377657439075,-565.7896169593766,-557.4561249037922,-549.0401483932575,-540.54454223654,-531.9721497299133,-523.325795586968,-514.608279322203,-505.8223691022444,-496.97079607332824,-488.05624916912905,-479.0813703980978,-470.0487506065387,-460.9609257089821,-451.82037337499554,-442.6295101586724,-433.39068905445674,-424.1061974613004,-414.77825553577816,-405.40901491281755,-396.00055777302185,-386.55489623358795,-377.0739720409341,-367.5596565422818,-358.01375091346915,-348.43798662162857,-338.83402610077053,-329.20346361998577,-319.5478263239321,-309.8685754270089,-300.16710754313857,-290.4447561342297,-280.7027930616109,-270.94243022603837,-261.1648212827743,-251.37106342000536,-241.56219918966707,-231.7392183817746,-221.9030599341571,-212.05461387189644,-202.19472327203275,-192.46098833776952,-193.23216999832744,-194.0505204618728,-194.91902076997454,-195.84085234852952,-196.8194119798163,-197.85832807944885,-198.96147841473015,-200.13300941756071,-201.3773572645598,-202.69927091935463,-204.103837357229,-205.59650922203352,-207.18313519891186,-208.86999342579222,-210.6638283119195,-212.57189118473767,-214.60198524796692,-216.76251540593856,-219.06254359342145,-221.5118503499101,-224.12100349410375,-226.9014348930229,-229.86552648468117,-233.0267069090951,-236.39956033652214,-239.99994936285927,-243.84515418054454,-247.95403064241088,-252.34719033359215,-257.0472063729472,-262.0788494091353,-267.4693591933079,-273.2487582448309,-279.4502155398996,-286.11046992278256,-293.27032517031154,-300.9752314683063,-309.2759716715086,-318.22947536384413,-327.899789757137,-338.3592443337266,-349.6898565074276,-361.9850393726517,-375.35169114280677,-389.91277104765044,-405.81050102427656,-423.2103806058081,-442.30627015132234,-463.32689441959576,-486.54425917803235,-512.2846814607306,-540.9434472355827,-573.0045918378005,-609.0680565562021,-649.8876991465581,-696.4256720023343,-749.9321802316413,-812.0658732466485,-885.0817492816408,-893.0755051829566,-893.0760126502854,-893.0765218938961,-893.0770327981726,-893.0775452409391,-893.0780590933402,-893.0785742196731,-893.0790904767609,-893.0796077139363,-893.080125772576,-893.0806444858299,-893.0811636783424,-893.0816831656493,-893.0822027541936,-893.0827222405375,-893.0832414111568,-893.083760042117,-893.0842778984645,-893.0847947337805,-893.0853102898748,-893.085824296076,-893.086336468963,-893.0868465116195,-893.0873541132577,-893.0878589484298,-893.0883606767877,-893.0888589420545,-893.0893533715799,-893.0898435758684,-893.0903291474815,-893.0908096606665,-893.0912846703367,-893.0917537115357,-893.092216298448,-893.0926719236705,-893.0931200572111,-893.0935601457214,-893.0939916114822,-893.0944138513986,-893.094826236074,-893.0952281084883,-893.0956187833607,-893.0959975454555,-893.0963636488661,-893.0967163154803,-893.0970547338136,-893.0973780574946,-893.0976854041385,-893.0979758538311,-893.0982484474464,-893.0985021852404,-893.0987360252134,-893.0989488812999,-893.0991396218072,-893.099307067517,-893.0994499896312,-893.0995671079713,-893.0996570889822,-893.0997185433628,-893.0997500241907
1.0,1.0,22.0,0.0,0.0,0.0,-710.9893228388632,-704.8466629904771,-698.5753773002945,-692.1767146310644,-685.6520822443052,-679.0030399916348,-672.2312938158716,-665.3386886203407,-658.3272005703776,-651.1989288959765,-643.956087268092,-636.6009948213334,-629.1360669000042,-621.5638056014589,-613.8867901920814,-606.1076674686003,-598.2291421342181,-590.2539672566095,-582.1849348702312,-574.0248667805532,-565.7766056234467,-557.4430062265216,-549.0269273148097,-540.5312235963521,-531.9587382579729,-523.3122958961104,-514.5946959015589,-505.80870631138873,-496.9570581377395,-488.04244017614195,-479.0674942941136,-470.03481119476083,-460.94692664810736,-451.8063181785682,-442.6154021951071,-433.376531547602,-424.0919934918205,-414.76400804267604,-405.39472669577606,-395.9862314948327,-386.5405344232451,-377.05957709683594,-367.54523073576064,-357.9992963925073,-348.4235054148548,-338.81952012158547,-329.1889346706697,-319.5332760999829,-309.8540055215853,-300.15251945136504,-290.43015125753044,-280.6881727122134,-270.9277956312739,-261.15017358939133,-251.35640369842594,-241.54752843822862,-231.72453753074208,-221.8883698498954,-212.0399153607519,-202.18001708429887,-192.44626800243898,-193.21726684342164,-194.03542906287964,-194.9037355141561,-195.82536742994793,-196.80372139428493,-197.84242561960372,-198.9453576650994,-200.11666374971068,-201.36077983244562,-202.68245465476056,-204.08677496540705,-205.5791931775956,-207.1655577421113,-208.85214655909178,-210.64570379705503,-212.5534805404303,-214.58327974825934,-216.7435060793484,-219.04322122317572,-221.49220547533622,-224.10102641349766,-226.88111566822468,-229.8448549477771,-233.0056726716407,-236.37815280177742,-239.97815774169197,-243.82296751166677,-247.93143781809542,-252.32418013169888,-257.02376749687653,-262.05497053730676,-267.44502904036136,-273.22396563711044,-279.4249495085476,-286.08471981863454,-293.24408080564785,-300.94848329218837,-309.2487109871691,-318.201694598662,-327.87148279939515,-338.3304069540045,-349.66048688865266,-361.95513877951964,-375.32126477286556,-389.8818291195981,-405.7790601795523,-423.1784657280555,-442.2739167490631,-463.2941517761811,-486.51119456232686,-512.2513858227163,-540.910043016099,-572.9712438407265,-609.0349873453404,-649.8552112795198,-696.394180859095,-749.9022637461488,-812.0383495234299,-885.0578020520211,-893.0512977060466,-893.0515939908302,-893.0518913121346,-893.0521896025257,-893.052488790605,-893.0527888012748,-893.0530895551079,-893.053390968656,-893.0536929538288,-893.0539954181751,-893.0542982641558,-893.0546013894394,-893.0549046863275,-893.0552080418358,-893.0555113371305,-893.0558144476499,-893.0561172425764,-893.0564195847284,-893.0567213303219,-893.0570223285807,-893.0573224215036,-893.0576214436113,-893.0579192215731,-893.0582155739347,-893.058510310745,-893.0588032332806,-893.059094133557,-893.059382794023,-893.0596689872596,-893.059952475486,-893.0602330101132,-893.0605103313057,-893.0607841676253,-893.0610542354652,-893.0613202386205,-893.0615818676682,-893.0618387995979,-893.0620906971395,-893.0623372082359,-893.062577965373,-893.0628125851605,-893.0630406673437,-893.0632617945505,-893.0634755312486,-893.0636814232047,-893.063878996562,-893.0640677574413,-893.0642471905788,-893.0644167589953,-893.0645759026747,-893.0647240380939,-893.0648605567935,-893.0649848248561,-893.0650961815642,-893.0651939384264,-893.0652773781342,-893.065345753277,-893.0653982853829,-893.0654341632111,-893.0654525420996
1.0,1.0,23.0,0.0,0.0,0.0,-710.9836072966164,-704.8408271363464,-698.5694233895221,-692.1706450469968,-685.6458994883404,-678.9967466736508,-672.2248926435742,-665.3321823886973,-658.3205921507355,-651.1922212253083,-643.9492833377997,-636.5940976666178,-629.1290795889347,-621.5567312245996,-613.879631852202,-606.1004282708526,-598.2218251766446,-590.2465756211332,-582.1774716141803,-574.0173349286177,-565.7690081601862,-557.4353460897155,-549.0192073889673,-540.5234467071577,-531.950907167208,-523.3044132972122,-514.5867644155941,-505.80072848391933,-496.94903643590277,-488.0343769864602,-479.0593919207885,-470.02667185839516,-460.9387524849388,-451.7981112400868,-442.6071644479957,-433.36826487422104,-424.08369969082906,-414.7556888300753,-405.38638370620447,-395.9778662830443,-386.53214846582404,-377.05117179411155,-367.53680741385597,-357.9908563055698,-348.41504974732595,-338.8110499905853,-329.1804511285068,-319.52478013663944,-309.845498067166,-300.14400137879727,-290.4216233850767,-280.67963580605004,-270.91925040793984,-261.141620718444,-251.34784380482202,-241.53896210483123,-231.7159653007301,-221.87979222905793,-212.03133281990387,-202.17143006148675,-192.43767271957938,-193.20856481675,-194.0266171250365,-194.89481038784135,-195.8163257250442,-196.79455960490884,-197.83314012122412,-198.93594471164639,-200.1071194707966,-201.35110023058476,-202.67263560270126,-204.07681220361653,-205.5690823118921,-207.15529424140672,-208.8417257534409,-210.63512087597007,-212.54273055149224,-214.5723575961158,-216.73240652531337,-219.03193888528995,-221.4807348292218,-224.0893617939616,-226.86925127202505,-229.83278483748106,-232.99339078100124,-236.3656529428952,-239.96543361426674,-243.81001271489586,-247.91824586556186,-252.31074447018852,-257.0100815296098,-262.0410276528962,-267.430822648498,-273.20948921265176,-279.41019664587606,-286.0696842987306,-293.2287566788599,-300.93286498063515,-309.2327934116112,-318.18547333618443,-327.8549542800326,-338.31356870677524,-349.64333785103054,-361.93767968841485,-375.3034986615438,-389.86376195303507,-405.7607016730219,-423.1598304095021,-442.2550253503837,-463.27503307277107,-486.4918878315704,-512.2319441702203,-540.8905379360822,-572.9517715650181,-609.0156778347291,-649.8362412076541,-696.37579278393,-749.8847951529035,-812.0222781531335,-885.0438191699552,-893.0371628832185,-893.0373358710416,-893.0375094638705,-893.0376836223581,-893.037858304813,-893.0380334673018,-893.0382090635253,-893.0383850447511,-893.0385613595992,-893.0387379539854,-893.0389147710611,-893.0390917509603,-893.039268830908,-893.0394459449624,-893.0396230236213,-893.0397999942344,-893.0399767804244,-893.0401533021459,-893.0403294753432,-893.0405052120889,-893.0406804200796,-893.0408550026996,-893.0410288588322,-893.0412018824609,-893.0413739627382,-893.041544983586,-893.0417148235621,-893.0418833558019,-893.0420504473634,-893.0422159595119,-893.0423797471016,-893.0425416584651,-893.042701535053,-893.0428592113856,-893.0430145144461,-893.043167263694,-893.0433172704238,-893.0434643378218,-893.0436082603238,-893.0437488233514,-893.0438858031322,-893.0440189658663,-893.0441480680273,-893.0442728552899,-893.0443930624341,-893.0445084128842,-893.0446186182262,-893.0447233776231,-893.0448223776873,-893.0449152913834,-893.0450017779973,-893.0450814824026,-893.0451540344412,-893.0452190483653,-893.0452761222449,-893.0453248371908,-893.0453647570369,-893.045395427065,-893.0454163738409,-893.0454271040721
1.0,1.0,24.0,0.0,0.0,0.0,-710.9802700077513,-704.8374195992424,-698.565946921194,-692.1671010389858,-685.6422894014091,-678.9930720316487,-672.2211550275946,-665.3283834307922,-658.3167335274884,-651.1883046516236,-643.9453105603557,-636.5900704576261,-629.1249997398809,-621.5526005400175,-613.8754521438564,-606.0962013517728,-598.2175528557453,-590.2422596979612,-582.1731138737792,-574.0129371370792,-565.7645720602212,-557.4308733965696,-549.0146997868835,-540.518905845992,-531.9463346595163,-523.2998107156145,-514.5821332904954,-505.7960703015833,-496.9443526368179,-488.0296689641217,-479.0546610205147,-470.0219193767803,-460.93397966922805,-451.79331928806744,-442.6023545079703,-433.3634380452686,-424.0788570231018,-414.7508313255329,-405.38151231922484,-395.972981921408,-386.52725199162967,-377.04626402496365,-367.5318891240358,-357.9859282273639,-348.41011257225796,-338.80610437090905,-329.175497678598,-319.5198194344972,-309.84053065590825,-300.13902776805224,-290.4166440526241,-280.6746511991725,-270.91426094503606,-261.1366267904313,-251.34284577659756,-241.53396031669448,-231.7109600698049,-221.87478385068448,-212.02632156894347,-202.16641619370824,-192.43265402912,-193.20348380166237,-194.02147193591216,-194.8895991111235,-195.8110463812679,-196.78921014704426,-197.82771843292548,-198.9304486056315,-200.10154668717357,-201.34544843523486,-202.66690238574313,-204.0709950779459,-205.56317871175298,-207.1493015211161,-208.83564118622732,-210.62894165298718,-212.536453781011,-214.56598030296132,-216.72592565060964,-219.0253512864982,-221.4740372805988,-224.0825509876033,-226.862323819372,-229.82573727159397,-232.9862195597539,-236.35835445308496,-239.9580041770953,-243.80244859282053,-247.91054327106673,-252.3028995767179,-257.00209048517405,-262.0328865969403,-267.422527732789,-273.2010366269475,-279.4015826497237,-286.06090526060257,-293.2198091244822,-300.92374565280943,-309.2234993441873,-318.17600194628136,-327.8453034827143,-338.3037370588073,-349.6333247315179,-361.9274855271112,-375.2931252289192,-389.8532127314322,-405.7499823344749,-423.1489494361035,-442.2439948467142,-463.26386983987067,-486.4806148027367,-512.2205923529906,-540.8791490752616,-572.9404018500514,-609.0044031497342,-649.8251647133185,-696.3650561125035,-749.8745953672807,-812.0128942164787,-885.0356547310124,-893.028909734214,-893.0290107349309,-893.0291120888869,-893.0292137730304,-893.0293157630398,-893.0294180332419,-893.0295205566707,-893.0296233047842,-893.0297262476331,-893.0298293536416,-893.0299325895741,-893.0300359206077,-893.0301393099351,-893.0302427190669,-893.0303461075177,-893.0304494328838,-893.0305526504126,-893.0306557135239,-893.0307585731105,-893.030861177799,-893.0309634737405,-893.0310654045087,-893.0311669110216,-893.031267931425,-893.0313684009932,-893.0314682519781,-893.0315674134916,-893.0316658113817,-893.0317633680872,-893.0318600026593,-893.0319556302171,-893.0320501623534,-893.0321435064535,-893.0322355658519,-893.0323262396187,-893.03241542229,-893.0325030037418,-893.0325888689939,-893.0326728980883,-893.0327549656896,-893.0328349411923,-893.0329126881408,-893.0329880642925,-893.0330609211771,-893.0331311039553,-893.033198451092,-893.0332627942614,-893.0333239579184,-893.0333817588781,-893.0334360063474,-893.0334865013562,-893.0335330366534,-893.0335753960159,-893.0336133542467,-893.0336466766928,-893.0336751188047,-893.0336984258885,-893.0337163325889,-893.033728562291,-893.0337348271026
1.0,1.0,25.0,0.0,0.0,0.0,-710.9783214176292,-704.8354299928435,-698.5639170674855,-692.1650317505295,-685.6401815311378,-678.9909264693566,-672.2189726964564,-665.3261652836694,-658.3144805434066,-651.1860178318121,-643.9429909247257,-636.5877190410372,-629.1226175882437,-621.5501887070152,-613.8730116872771,-606.0937333302942,-598.2150583254916,-590.2397397096643,-582.1705694697597,-574.0103693484543,-565.7619819044719,-557.4282618752595,-549.012067883378,-540.5162545236165,-531.9436648598227,-523.2971233567721,-514.5794292660626,-505.7933504793779,-496.94161785788503,-488.026920042046,-479.0518987408263,-470.01914449649,-460.9311929166021,-451.7905213624554,-442.59954607982934,-433.360619756256,-424.076029486427,-414.74799512617636,-405.37866801443107,-395.9701300411755,-386.5243930393568,-377.0433984780229,-367.52901743446915,-357.9830508226953,-348.40722985628133,-338.8032167244747,-329.1726054604051,-319.51692298204216,-309.8376302862294,-300.1361237787496,-290.4137367226059,-280.6717407896425,-270.9113477002703,-261.1337109386449,-251.33992753087642,-241.53103987571157,-231.70803761872534,-221.87185956191487,-212.02339560300615,-202.163488699925,-192.42972371954772,-193.20051710267796,-194.01846776766425,-194.88655635634768,-195.80796388420563,-196.78608671245118,-197.8245528251461,-198.92723954751656,-200.0982928592124,-201.3421484745892,-202.66355488533836,-204.0675985855948,-205.55973172935475,-207.14580250388465,-208.8320885420513,-210.6253337418335,-212.53278891441613,-214.5622567437898,-216.72214161280218,-219.02150493516515,-221.47012673228357,-224.07857431083437,-226.85827903558877,-229.8216223565209,-232.98203244514494,-236.35409302924634,-239.95366629596845,-243.79803207209727,-247.9060458992264,-252.2983191194566,-256.9974246933158,-262.0281332163213,-267.41768451638507,-273.1961013499691,-279.3965531281077,-286.0557793738689,-293.21458484393173,-300.9184210765116,-309.2180727401849,-318.1704718063068,-327.8396685892723,-338.29799656906596,-349.62747828276673,-361.9215333700698,-375.2870683971694,-389.8470532580194,-405.7437235309502,-423.14259625485414,-442.2375543550927,-463.2573518475227,-486.47403269979,-512.2139642440214,-540.8724993342962,-572.933763285032,-608.9978200684254,-649.8186973502123,-696.3587871654693,-749.8686399002696,-812.0074151157075,-885.0308876876497,-893.0240908969521,-893.024149867569,-893.0242090443437,-893.024268413878,-893.024327961962,-893.0243876736512,-893.0244475331334,-893.0245075238547,-893.0245676281614,-893.0246278277791,-893.0246881031919,-893.0247484341176,-893.0248087990652,-893.0248691755918,-893.0249295399824,-893.0249898675156,-893.0250501320995,-893.0251103064821,-893.0251703620302,-893.0252302687146,-893.0252899951483,-893.0253495083153,-893.0254087737793,-893.0254677554104,-893.0255264153756,-893.0255847142178,-893.0256426104465,-893.0257000608376,-893.0257570201109,-893.0258134408764,-893.0258692737974,-893.025924467005,-893.0259789666113,-893.0260327161728,-893.0260856567121,-893.0261377265756,-893.0261888615502,-893.0262389945367,-893.0262880554899,-893.0263359711789,-893.0263826653504,-893.0264280583945,-893.0264720671972,-893.0265146050737,-893.0265555817058,-893.0265949027208,-893.0266324698883,-893.0266681805712,-893.0267019280035,-893.026733600699,-893.0267630825053,-893.0267902523162,-893.0268149840864,-893.0268371461816,-893.0268566016582,-893.0268732077463,-893.0268868157265,-893.0268972706303,-893.0269044110279,-893.0269080688126
1.0,1.0,26.0,0.0,0.0,0.0,-710.9771836816802,-704.834268308622,-698.5627318840138,-692.163823542257,-685.6389507960542,-678.9896737268898,-672.2176984858015,-665.324870161138,-658.3131650805798,-651.1846826133699,-643.941636546142,-636.5863461064195,-629.1212267084562,-621.5487804971533,-613.8715867650083,-606.0922923137083,-598.2136018313598,-590.2382683513515,-582.1690838558773,-574.0088700810811,-565.7604695776987,-557.4267370737862,-549.0105311814423,-540.5147064836701,-531.9421060315416,-523.2955542763003,-514.5778504551191,-505.7917624446423,-496.9400210904388,-488.02531501692624,-479.0502859166745,-470.0175243152853,-460.9295658035404,-451.7888877258607,-442.59790631117716,-433.35897423021987,-424.0743785610258,-414.7463391429331,-405.37700729870846,-395.96846490244576,-386.5227237714888,-377.0417253597514,-367.52734072976716,-357.98137078116196,-348.405546713686,-338.8015307031406,-329.17091676980107,-319.5152318191449,-309.83593683624025,-300.13442821539553,-290.4120392087775,-280.6700414777836,-270.90964673302824,-261.1320084492567,-251.33822364375476,-241.52933470684826,-231.70633127624293,-221.87015214648997,-212.02168720833527,-202.16177941317846,-192.42801278880563,-193.1987849253096,-194.01671371321626,-194.8847797724535,-195.80616409604087,-196.78426302216752,-197.8227045112433,-198.92536586434096,-200.09639303632167,-201.34022171626268,-202.66160037000157,-204.0656154653467,-205.55771912949456,-207.14375952247664,-208.8300142494678,-210.62322718049853,-212.53064909849294,-214.5600826589769,-216.71993221626764,-219.01925915555893,-221.46784346989102,-224.07625243791992,-226.85591739690597,-229.81921977013286,-232.979587703458,-236.35160490041935,-239.95113352581004,-243.79545338637894,-247.9034200066939,-252.29564471551606,-256.99470046473334,-262.02535784688826,-267.4148566941537,-273.1932197758678,-279.3936165269007,-286.05278650740894,-293.21153452769386,-300.9153121999674,-309.2149042920287,-318.1672429058652,-327.83637852563334,-338.29464485005155,-349.6240646965407,-361.91805806297407,-375.28353197261185,-389.84345690297874,-405.7400691789055,-423.1388867972427,-442.23379391832844,-463.2535461591412,-486.4701895778659,-512.2100942593619,-540.8686167181748,-572.9298871933707,-608.9939763714935,-649.8149212176045,-696.3551268828564,-749.8651626517914,-812.0042160078555,-885.0281043375604,-893.021277306551,-893.0213117373683,-893.0213462885685,-893.0213809522625,-893.021415720237,-893.0214505837092,-893.0214855335053,-893.0215205598505,-893.0215556525512,-893.0215908008732,-893.0216259935019,-893.0216612184713,-893.0216964633405,-893.0217317149032,-893.0217669594526,-893.0218021824065,-893.0218373686192,-893.0218725021748,-893.02190756631,-893.0219425435585,-893.021977415548,-893.0220121630066,-893.0220467658273,-893.0220812029396,-893.0221154522521,-893.0221494907003,-893.0221832940441,-893.0222168371089,-893.0222500934027,-893.0222830353149,-893.0223156339518,-893.0223478591203,-893.0223796792982,-893.022411061524,-893.0224419714282,-893.0224723729738,-893.022502228676,-893.0225314993468,-893.0225601440841,-893.0225881201699,-893.0226153830433,-893.0226418861658,-893.0226675811745,-893.0226924173853,-893.0227163419643,-893.022739299912,-893.0227612338736,-893.0227820839264,-893.0228017876874,-893.0228202801018,-893.0228374933042,-893.0228533567434,-893.0228677965773,-893.0228807361448,-893.0228920954136,-893.0229017910593,-893.0229097361752,-893.0229158403615,-893.022920009393,-893.0229221450071
1.0,1.0,27.0,0.0,0.0,0.0,-710.9765193893918,-704.8335900336767,-698.5620398885756,-692.1631181033518,-685.6382322044194,-678.9889422859422,-672.2169545101252,-665.3241139757013,-658.312397019121,-651.1839030172337,-643.9408457629863,-636.585544489044,-629.120414613392,-621.547958283715,-613.8707547936959,-606.0914509455177,-598.2127514262337,-590.2374092675761,-582.1682164487331,-574.0079947020753,-565.7595865737965,-557.4258467863582,-549.0096339456919,-540.5138026280041,-531.9411958769516,-523.294638135785,-514.5769286333464,-505.7908352374215,-496.93908878450594,-488.02437788958,-479.04934423572894,-470.01657833879386,-460.92861577980796,-451.7879338932706,-442.59694889830445,-433.358013455805,-424.07341463408784,-414.7453722629032,-405.37603765554985,-395.96749267684953,-386.5217491350561,-377.0407484752275,-367.52636175123837,-357.98038985434783,-348.4045639762553,-338.8005462849236,-329.1699307930932,-319.5142443990042,-309.8349480807317,-300.13343822596505,-290.4110480805116,-280.66904929971685,-270.908653588425,-261.13101441598286,-251.3372287943502,-241.52833910912472,-231.70533499326368,-221.86915523704621,-212.02068972715273,-202.16078141115761,-192.42701382689756,-193.19777355821392,-194.015689572802,-194.8837424778368,-195.80511325322982,-196.78319822369542,-197.82162533583775,-198.92427187662724,-200.09528378647008,-201.33909673967804,-202.660459186989,-204.06445758085843,-205.55654403281588,-207.14256668694773,-208.8288031323547,-210.62199722268068,-212.52939972435638,-214.55881327631639,-216.7186422162013,-219.0179479125302,-221.46651034182915,-224.07489676637172,-226.85453850734905,-229.8178169724493,-232.9781602925559,-236.35015215709706,-239.94965471774174,-243.79394776961564,-247.9018868272658,-252.29408321171715,-256.9931098697694,-262.0237373923002,-267.41320561386556,-273.19153731143933,-279.39190193369535,-286.0510390625334,-293.20975353955123,-300.91349702007915,-309.213054329932,-318.1653576473242,-327.83445755558023,-338.2926878811005,-349.6220716049867,-361.91602893422953,-375.2814671589552,-389.8413570974117,-405.7379355103629,-423.1367209538934,-442.23159830946565,-463.2513241288443,-486.46794569091065,-512.2078346876254,-540.8663497710149,-572.9276240552208,-608.9917321474159,-649.812716442238,-696.3529897489713,-749.8631323864095,-812.0023481416971,-885.0264792220735,-893.0196345349168,-893.019654637861,-893.0196748110716,-893.0196950499981,-893.0197153498018,-893.0197357053472,-893.0197561112799,-893.0197765618882,-893.0197970513018,-893.0198175731384,-893.0198381208756,-893.0198586874322,-893.0198792656968,-893.0198998478253,-893.0199204257801,-893.01994099121,-893.019961535188,-893.0199820483889,-893.0200025210629,-893.0200229430236,-893.0200433035151,-893.0200635912753,-893.0200837946146,-893.020103901113,-893.0201238980899,-893.0201437718754,-893.0201635083911,-893.0201830929377,-893.0202025100637,-893.0202217436364,-893.0202407767518,-893.0202595918438,-893.0202781704703,-893.0202964934197,-893.0203145405444,-893.0203322908451,-893.0203497224649,-893.020366812566,-893.0203835370928,-893.0203998713209,-893.0204157890843,-893.0204312632918,-893.020446265644,-893.0204607665312,-893.0204747352299,-893.0204881395042,-893.0205009459183,-893.0205131194865,-893.0205246237734,-893.020535420771,-893.0205454709238,-893.0205547329896,-893.0205631638502,-893.0205707188042,-893.0205773510814,-893.0205830119344,-893.0205876508293,-893.0205912148193,-893.0205936489822,-893.0205948958679
1.0,1.0,28.0,0.0,0.0,0.0,-710.976131529415,-704.8331940096856,-698.5616358536174,-692.1627062191633,-685.6378126407978,-678.9885152199776,-672.2165201256088,-665.3236724622858,-658.3119485716512,-651.1834478349966,-643.940384049078,-636.5850764494116,-629.1199404561943,-621.547478218657,-613.8702690314042,-606.0909596966225,-598.2122549010613,-590.236907675233,-582.1677099966221,-574.0074835955135,-565.7590710152598,-557.4253269752103,-549.0091100776845,-540.5132748948557,-531.9406644660681,-523.2941032299375,-514.5763904104053,-505.79029387005426,-496.93854444018064,-488.0238307302171,-479.0487944176915,-470.0160260127158,-460.9280610906892,-451.78737698029676,-442.59638989490037,-433.35745248972,-424.07285182736837,-414.7448077319736,-405.3754715113415,-395.9669250248303,-386.52118007541543,-377.04017810298103,-367.52579015637957,-357.9798171219999,-348.40399018676044,-338.79997151407065,-329.16935511228485,-319.513667875422,-309.83437077746356,-300.1328602022704,-290.41046939187794,-280.6684699981394,-270.90807372255813,-261.13043403118354,-251.3366479330771,-241.52775781091515,-231.7047532949712,-221.86857317298987,-212.02010732927417,-202.16019870918834,-192.4264305644779,-193.19718305281074,-194.0150916094955,-194.88313683423237,-195.80449969927102,-196.78257652147704,-197.8209952394245,-198.92363313181124,-200.09463613059785,-201.33843990147778,-202.65979288641051,-204.06378152882843,-205.55585793112186,-207.1418702281546,-208.82809599953336,-210.62127908938038,-212.52867025450274,-214.5580721241385,-216.71788902618061,-219.01718231944758,-221.4657319707708,-224.07410523287928,-226.85373341762065,-229.81699792352086,-232.97732687277022,-236.34930394649774,-239.9487912888073,-243.79306868788692,-247.90099165257922,-252.29317149930043,-256.99218117196574,-262.02279126038366,-267.41224160057277,-273.1905549739144,-279.3909008371842,-286.05001878491856,-293.20871367704547,-300.9124371940801,-309.21197419563896,-318.1642569045456,-327.8333359618977,-338.2915452687269,-349.6209079017224,-361.91484418988995,-375.28026157925416,-389.84013108699014,-405.7366897282754,-423.1354563858653,-442.23031636217604,-463.250026754778,-486.46663555526874,-512.2065153940671,-540.8650261710518,-572.9263026792144,-608.9904218145595,-649.8114291421692,-696.3517419426908,-749.8619469774246,-812.0012575528053,-885.0255303684535,-893.0186753724796,-893.0186871098924,-893.0186988883108,-893.018710705134,-893.0187225575138,-893.0187344423886,-893.0187463566942,-893.0187582970948,-893.0187702601592,-893.0187822421402,-893.0187942391863,-893.0188062473209,-893.018818262218,-893.0188302793688,-893.0188422941648,-893.0188543015846,-893.0188662964583,-893.0188782734001,-893.0188902266746,-893.0189021503351,-893.0189140381112,-893.0189258834134,-893.0189376793874,-893.0189494189094,-893.0189610944196,-893.0189726980158,-893.0189842214628,-893.0189956561787,-893.0190069931172,-893.0190182229583,-893.0190293356638,-893.0190403211386,-893.0190511685639,-893.019061866624,-893.0190724037361,-893.0190827675023,-893.0190929451942,-893.0191029234704,-893.0191126883608,-893.0191222252726,-893.0191315191032,-893.0191405539074,-893.0191493132797,-893.0191577798017,-893.0191659356102,-893.0191737618788,-893.019181239117,-893.0191883468225,-893.0191950637176,-893.0192013677297,-893.019207235644,-893.0192126434174,-893.0192175658957,-893.0192219769307,-893.0192258492593,-893.0192291544696,-893.019231862942,-893.0192339438464,-893.0192353650733,-893.0192360930881
1.0,1.0,29.0,0.0,0.0,0.0,-710.9759050712879,-704.8329627847976,-698.5613999512466,-692.162465733834,-685.6375676715954,-678.9882658703685,-672.2162665028566,-665.3234146771291,-658.3116867379392,-651.1831820690235,-643.9401144694243,-636.5848031762825,-629.119663611205,-621.5471979243188,-613.8699854105735,-606.0906728723575,-598.2119649961114,-590.2366148116353,-582.167414295625,-574.0071851769242,-565.7587699972903,-557.4250234743056,-549.0088042080945,-540.5129667685615,-531.9403541924694,-523.293790915749,-514.5760761594205,-505.7899777831778,-496.938226615097,-488.0235112616081,-479.04847339669567,-470.0157035274112,-460.92773722568455,-451.78705181683085,-442.5960635109247,-433.3571249597943,-424.0725232227302,-414.744478120636,-405.37514095806284,-395.9665935912059,-386.52084781993585,-377.0398450811065,-367.5254564206762,-357.97948272214677,-348.4036551696623,-338.79963592400605,-329.16901899091584,-319.5133312619782,-309.83403370879984,-300.1325227129571,-290.4101315143427,-280.6681317627515,-270.90773515765665,-261.1300951633272,-251.3363087870362,-241.52741840973732,-231.70441366021075,-221.8682333246771,-212.01976728603975,-202.15985848840367,-192.4260900164788,-193.19683827587693,-194.01474247814923,-194.882783218606,-195.80414146506365,-196.78221352980057,-197.8206273466421,-198.92326018950945,-200.09425798544618,-201.33805639505908,-202.65940385521964,-204.0633868040876,-205.55545733875374,-207.14146358859855,-208.82768312776676,-210.62085979481168,-212.52824434090198,-214.55763938960848,-216.71744926315986,-219.01673531468919,-221.46527750538718,-224.0736430823732,-226.85326335208828,-229.81651970766933,-232.97684026623543,-236.3488087041074,-239.94828716088531,-243.7925554208496,-247.9004689893843,-252.29263918029164,-256.99163893570534,-262.0222388449353,-267.4116787447527,-273.18998141914875,-279.39031632966766,-286.0494230782128,-293.20810653533005,-300.9118183963228,-309.2113435405473,-318.1636142167678,-327.83268109997954,-338.29087813465696,-349.62022845330006,-361.9141524563102,-375.27955768054005,-389.83941525939235,-405.73596235663194,-423.13471804568707,-442.2295678747658,-463.24926926017963,-486.4658706095859,-512.2057451013402,-540.8642533638267,-572.9255311704243,-608.98965675356,-649.8106775292081,-696.351013388892,-749.8612548554697,-812.0006207932944,-885.0249763637454,-893.0181153489156,-893.0181222019605,-893.0181290789725,-893.0181359784139,-893.0181428985092,-893.0181498377339,-893.0181567940979,-893.0181637656244,-893.0181707505023,-893.0181777463297,-893.0181847509483,-893.0181917621385,-893.0181987772319,-893.0182057936648,-893.0182128086288,-893.0182198193455,-893.0182268228284,-893.0182338157106,-893.0182407948587,-893.0182477565952,-893.0182546974664,-893.0182616134509,-893.0182685007672,-893.018275355104,-893.0182821719756,-893.0182889469125,-893.0182956750712,-893.0183023513863,-893.0183089706594,-893.0183155272357,-893.018322015606,-893.0183284297199,-893.0183347630438,-893.0183410093757,-893.0183471615449,-893.018353212624,-893.0183591549983,-893.0183649809095,-893.0183706823055,-893.018376250631,-893.018381676938,-893.0183869520567,-893.0183920663167,-893.0183970095634,-893.0184017715255,-893.0184063410369,-893.0184107067561,-893.0184148566032,-893.0184187783776,-893.018422459058,-893.0184258851323,-893.0184290425732,-893.0184319166179,-893.0184344921208,-893.0184367529797,-893.018438682808,-893.0184402641771,-893.0184414791061,-893.0184423088465,-893.0184427340396
1.0,1.0,30.0,0.0,0.0,0.0,-710.975772848472,-704.8328277789059,-698.5612622145334,-692.1623253213925,-685.6374246413365,-678.988120282638,-672.216118420284,-665.3232641643758,-658.3115338613953,-651.1830268966987,-643.9399570704895,-636.5846436209018,-629.1195019704345,-621.5470342695035,-613.8698198136191,-606.0905054050876,-598.2117957301334,-590.2364438183332,-582.1672416456274,-574.0070109401769,-565.7585942429171,-557.4248462701818,-549.0086256210533,-540.5127868638872,-531.9401730340547,-523.2936085659074,-514.5758926788071,-505.7897932306754,-496.93804104775404,-488.02332473458506,-479.04828596334283,-470.01551523907926,-460.9275481317807,-451.7868619648223,-442.59587294629586,-433.3569337260857,-424.07233136155077,-414.7442856716865,-405.3749479591514,-395.9664000782887,-386.5206538271715,-377.0396506408592,-367.52526156363916,-357.97928747733874,-348.40345956448397,-338.7994399842644,-329.1688227409951,-319.5131347247605,-309.83383690578086,-300.1323256643464,-290.40993423906474,-280.66793427852417,-270.90753748103936,-261.12989730982616,-251.33611077108768,-241.5272202448568,-231.70421535893118,-221.86803489871667,-212.01956874627678,-202.1596598449636,-192.42589118198305,-193.19663697226449,-194.0145386321212,-194.8825767543733,-195.80393230419233,-196.78200159117876,-197.82041254643445,-198.92304244106532,-200.09403719920772,-201.33783247857713,-202.65917671299488,-204.06315633760738,-205.55522344633755,-207.1412261654331,-208.82744206582151,-210.62061498279652,-212.52799566424846,-214.55738673045335,-216.71719250029227,-219.01647432360812,-221.46501215828806,-224.07337324820134,-226.85298889654467,-229.8162404934664,-232.97655615300275,-236.34851954866573,-239.9479928174913,-243.79225574141833,-247.90016382383305,-252.29232837703398,-256.99132234211163,-262.02191630801303,-267.411350112029,-273.18964653970636,-279.3899750552589,-286.0490752649159,-293.2077520455276,-300.9114571009212,-309.21097532203873,-318.1632389728147,-327.83229874788094,-338.2904886172874,-349.6198317460035,-361.91374857604234,-375.27914669747474,-389.83899731142554,-405.7355376684873,-423.13428695336717,-442.229130857774,-463.24882698417076,-486.46542398313414,-512.2052953528287,-540.8638021472816,-572.9250807119248,-608.989210059672,-649.8102386872058,-696.3505880103374,-749.8608507482555,-812.0002490104688,-885.0246528987897,-893.0177883696634,-893.0177923709589,-893.0177963861335,-893.0178004145068,-893.0178044550601,-893.0178085065758,-893.0178125681336,-893.0178166385796,-893.0178207167555,-893.017824801411,-893.0178288911668,-893.0178329848169,-893.0178370806724,-893.0178411771992,-893.0178452731051,-893.0178493664386,-893.0178534554725,-893.0178575383152,-893.0178616132267,-893.0178656779149,-893.0178697305033,-893.0178737685266,-893.0178777897768,-893.0178817917032,-893.0178857719594,-893.0178897275542,-893.0178936559482,-893.0178975539919,-893.0179014187396,-893.0179052469524,-893.017909035259,-893.0179127802057,-893.0179164781001,-893.0179201250434,-893.0179237171077,-893.0179272500708,-893.0179307196446,-893.0179341212807,-893.0179374500466,-893.0179407011539,-893.0179438694471,-893.0179469493488,-893.0179499354776,-893.0179528217292,-893.0179556019465,-893.0179582698842,-893.0179608188721,-893.0179632418675,-893.0179655317185,-893.0179676806354,-893.0179696810702,-893.0179715245528,-893.0179732026771,-893.0179747063593,-893.0179760264012,-893.0179771531729,-893.0179780764333,-893.0179787858777,-893.0179792703944,-893.017979518523
1.0,1.0,31.0,0.0,0.0,0.0,-710.9756956477954,-704.8327489533359,-698.561181794507,-692.1622433391113,-685.6373411305533,-678.9880352786058,-672.2160319595803,-665.3231762847979,-658.3114446016773,-651.1829362965427,-643.9398651702815,-636.584550461632,-629.1194075935181,-621.5469387167593,-613.8697231269255,-606.0904076263383,-598.2116969012242,-590.236343980858,-582.1671408408737,-574.0069092090415,-565.7584916256337,-557.4247428065502,-549.008521349877,-540.5126818233812,-531.940067261574,-523.2935020977721,-514.5757855504439,-505.78968547646275,-496.9379327010567,-488.0232158275409,-479.0481765271292,-470.01540530370306,-460.92743772605155,-451.78675111647897,-442.59576168188005,-433.35682207097415,-424.07221934008714,-414.74417330705427,-405.3748352734172,-395.9662870924376,-386.5205405611619,-377.0395371136057,-367.52514779303954,-357.9791734803199,-348.40334535704767,-338.7993255815052,-329.16870815711803,-319.51301997312396,-309.83372199898446,-300.13221061414686,-290.40981905652734,-280.667818973983,-270.90742206416746,-261.1297817896943,-251.33599515611908,-241.5271045428991,-231.704099577331,-221.8679190443107,-212.0194528254441,-202.15954386361093,-192.42577508908823,-193.196519437721,-194.01441961316758,-194.88245620675363,-195.8038101820973,-196.78187784725617,-197.82028713173463,-198.9229153049819,-200.09390828947866,-201.337701741202,-202.6590440922351,-204.06302177591192,-205.55508688437297,-207.14108754198537,-208.82730131781258,-210.62047204527167,-212.52785047029815,-214.5572392112507,-216.7170425850742,-219.01632193968928,-221.46485723104578,-224.07321570112055,-226.8528286512244,-229.8160774697037,-232.97639026884409,-236.34835072055932,-239.94782096031943,-243.79208076870003,-247.8999856479678,-252.29214690948766,-256.9911374937884,-262.0217279896055,-267.4111582345292,-273.1894510149089,-279.3897757966773,-286.04887218854174,-293.207545070948,-300.9112461527868,-309.2107603317287,-318.1630198805484,-327.8320755054736,-338.2902611912768,-349.61960012204986,-361.9135127640408,-375.2789067383881,-389.83875328579734,-405.7352897074616,-423.13403525315147,-442.2288756983731,-463.248568754186,-486.4651632130194,-512.2050327599279,-540.8635386972167,-572.9248177044987,-608.9889492502153,-649.8099824622263,-696.3503396461707,-749.8606148037286,-812.0000319390688,-885.0244640385494,-893.0175974575662,-893.0175997937858,-893.0176021381286,-893.0176044902096,-893.0176068492649,-893.0176092148661,-893.0176115861924,-893.0176139628602,-893.0176163439794,-893.017618728811,-893.0176211167409,-893.0176235068801,-893.017625898314,-893.0176282901855,-893.0176306815598,-893.0176330714977,-893.0176354589613,-893.0176378428147,-893.0176402219795,-893.0176425952454,-893.0176449613584,-893.0176473190884,-893.017649666938,-893.0176520035982,-893.0176543274375,-893.0176566370674,-893.0176589305877,-893.0176612065383,-893.0176634630361,-893.0176656982042,-893.0176679100415,-893.017670096662,-893.0176722557106,-893.0176743849809,-893.0176764822465,-893.0176785451445,-893.0176805708581,-893.0176825569046,-893.0176845005701,-893.0176863987556,-893.0176882485474,-893.0176900468094,-893.0176917902589,-893.0176934754454,-893.0176950987666,-893.0176966564865,-893.0176981447922,-893.0176995594547,-893.0177008963916,-893.0177021511663,-893.0177033191098,-893.0177043955061,-893.0177053751833,-893.0177062531741,-893.0177070238532,-893.0177076817068,-893.0177082208281,-893.0177086350294,-893.0177089179692,-893.0177090627815
