Se[0-1]_Year,Month,Day,Hour,Minute,Second Znode[mm],-5.0,-15.0,-25.0,-35.0,-45.0,-55.0,-65.0,-75.0,-85.0,-95.0,-105.0,-115.0,-125.0,-135.0,-145.0,-155.0,-165.0,-175.0,-185.0,-195.0,-205.0,-215.0,-225.0,-235.0,-245.0,-255.0,-265.0,-275.0,-285.0,-295.0,-305.0,-315.0,-325.0,-335.0,-345.0,-355.0,-365.0,-375.0,-385.0,-395.0,-405.0,-415.0,-425.0,-435.0,-445.0,-455.0,-465.0,-475.0,-485.0,-495.0,-505.0,-515.0,-525.0,-535.0,-545.0,-555.0,-565.0,-575.0,-585.0,-595.0,-605.0,-615.0,-625.0,-635.0,-645.0,-655.0,-665.0,-675.0,-685.0,-695.0,-705.0,-715.0,-725.0,-735.0,-745.0,-755.0,-765.0,-775.0,-785.0,-795.0,-805.0,-815.0,-825.0,-835.0,-845.0,-855.0,-865.0,-875.0,-885.0,-895.0,-905.0,-915.0,-925.0,-935.0,-945.0,-955.0,-965.0,-975.0,-985.0,-995.0,-1005.0,-1015.0,-1025.0,-1035.0,-1045.0,-1055.0,-1065.0,-1075.0,-1085.0,-1095.0,-1105.0,-1115.0,-1125.0,-1135.0,-1145.0,-1155.0,-1165.0,-1175.0,-1185.0,-1195.0,-1205.0,-1215.0,-1225.0,-1235.0,-1245.0,-1255.0,-1265.0,-1275.0,-1285.0,-1295.0,-1305.0,-1315.0,-1325.0,-1335.0,-1345.0,-1355.0,-1365.0,-1375.0,-1385.0,-1395.0,-1405.0,-1415.0,-1425.0,-1435.0,-1445.0,-1455.0,-1465.0,-1475.0,-1485.0,-1495.0,-1505.0,-1515.0,-1525.0,-1535.0,-1545.0,-1555.0,-1565.0,-1575.0,-1585.0,-1595.0,-1605.0,-1615.0,-1625.0,-1635.0,-1645.0,-1655.0,-1665.0,-1675.0,-1685.0,-1695.0,-1705.0,-1715.0,-1725.0,-1735.0,-1745.0,-1755.0,-1765.0,-1775.0,-1785.0,-1795.0
1.0,1.0,6.0,0.0,0.0,0.0,0.3945202119978148,0.39701226835528153,0.39959846370453544,0.4022811150275561,0.40506252607178367,0.4079449844002915,0.4109307586014607,0.41402209567856535,0.41722121863754824,0.4205303242879851,0.42395158126905386,0.4274871283087848,0.43113907272067,0.43490948913792243,0.4388004184810269,0.44281386714993415,0.4469518064278262,0.4512161720785617,0.4556088641156767,0.4601317467163025,0.46478664824872673,0.4695753613785629,0.4744996432137327,0.47956121544487335,0.48476176443356617,0.49010294119681463,0.4955863612324651,0.501213604126023,0.5069862128755059,0.5129056928663632,0.5189735104243542,0.5251910908687812,0.5315598159835435,0.5380810208169811,0.5447559897148747,0.5515859514830915,0.5585720735674754,0.5657154551284974,0.5730171188765927,0.5804780015206359,0.5880989426668312,0.5958806719877624,0.6038237944611663,0.61192877345505,0.6201959114092654,0.6286253278338779,0.6372169343097895,0.6459704061381238,0.654885150239924,0.6639602688566325,0.6731945185436146,0.6825862638827035,0.6921334252645924,0.7018334200062677,0.71168309597197,0.721678656756613,0.7318155773672533,0.7420885091996479,0.75249117295245,0.763016237949971,0.9244918421514474,0.9239446639953254,0.9233772225219664,0.9227886417116723,0.9221780042047022,0.9215443490808501,0.920886669492918,0.9202039101422785,0.9194949645825116,0.9187586723364426,0.9179938158096771,0.9171991169817713,0.9163732338549171,0.9155147566362292,0.9146222036284307,0.9136940167992672,0.9127285569976912,0.9117240987793861,0.9106788248010468,0.9095908197359673,0.9084580636581847,0.9072784248353467,0.9060496518614426,0.9047693650515054,0.9034350470093442,0.9020440322656007,0.9005934958690712,0.8990804407955505,0.8975016840181966,0.8958538410575357,0.8941333088010551,0.8923362463460619,0.8904585535787031,0.8884958471513783,0.8864434334609451,0.8842962781571907,0.8820489716226596,0.879695689757935,0.8772301492733003,0.8746455565266573,0.8719345487447371,0.8690891262144642,0.8661005737157018,0.8629593690693604,0.8596550761681777,0.8561762192101405,0.8525101340162299,0.8486427912235002,0.8445585847105792,0.8402400767065964,0.8356676884804238,0.8308193220361579,0.8256698934752976,0.8201907520471359,0.8143489495296907,0.8081063111200287,0.8014182393439264,0.7942321532114271,0.7864854203009561,0.7781025700896359,0.2809991586383258,0.2804988135924453,0.2799965122137505,0.2794923946221405,0.27898660777937734,0.27847930568986445,0.27797064960756324,0.2774608082495171,0.27694995801652084,0.2764382832214039,0.2759259763256308,0.2754132381847298,0.2749002783033407,0.2743873151005529,0.27387457618631933,0.27336229864977674,0.27285072936039867,0.272340125282795,0.27183075380621907,0.2713228930897159,0.27081683242401206,0.2703128726111371,0.26981132636297356,0.26931251871970185,0.26881678748938914,0.26832448370974976,0.26783597213320304,0.2673516317362223,0.2668718562540756,0.26639705474182,0.26592765216240266,0.265464090002611,0.2650068269174257,0.26455633940322776,0.26411312249999896,0.2636776905225138,0.26325057782017774,0.26283233956485186,0.2624235525656902,0.26202481610947215,0.2616367528246335,0.2612600095664822,0.26089525832071064,0.2605431971215051,0.26020455098006606,0.25988007281848513,0.2595705444031927,0.2592767772713948,0.25899961364302987,0.25873992730984763,0.25849862449236194,0.25827664465438444,0.25807496126399737,0.2578945824888476,0.25773655181270255,0.2576019485595103,0.25749188831018294,0.25740752319701543,0.25735004205969525,0.2573206704468672
1.0,1.0,7.0,0.0,0.0,0.0,0.40420973947728994,0.40704059763677036,0.40997188041829047,0.41300580752053284,0.41614458047439723,0.41939038053482863,0.4227453667582963,0.4262116742741157,0.4297914127549176,0.43348666508791867,0.43729948624474957,0.44123190234423365,0.44528590989814854,0.44946347522621266,0.4537665340224062,0.4581969910507367,0.4627567199446086,0.46744756307979096,0.47227133148716577,0.4772298047675387,0.48232473096694023,0.48755782636689476,0.4929307751402577,0.4984452288196482,0.5041028055206167,0.5099050888584592,0.5158536264922048,0.5219499282248908,0.5281954635839097,0.5345916587990208,0.5411398930894721,0.5478414941639764,0.5546977328289885,0.5617098165913603,0.5688788821304924,0.5762059865026063,0.5836920969260398,0.5913380789797794,0.5991446830292507,0.6071125286723562,0.6152420869741717,0.6235336602316521,0.6319873589777434,0.6406030758986903,0.6493804562971068,0.6583188646868282,0.6674173470523218,0.6766745882446954,0.6860888639177292,0.6956579863289905,0.7053792432421577,0.7152493290663987,0.725264267255247,0.735419322859191,0.7457089039834442,0.7561264507426706,0.7666643101282042,0.7773135950108857,0.7880640252954696,0.7989037490257817,0.9331994001888382,0.9327796947120994,0.9323421599045659,0.9318859143414846,0.9314100296147759,0.9309135275594919,0.9303953772891288,0.9298544920234211,0.9292897256909591,0.9286998692865743,0.9280836469619282,0.9274397118247318,0.9267666414194433,0.9260629328592793,0.9253269975757166,0.9245571556474598,0.9237516296664984,0.9229085380930591,0.9220258880456065,0.9211015674647224,0.9201333365812977,0.9191188186104697,0.9180554895814763,0.9169406672004612,0.9157714986289179,0.9145449470422911,0.9132577768132557,0.9119065371388375,0.9104875439032202,0.9089968595322507,0.9074302705563827,0.9057832625488627,0.9040509920483498,0.9022282550038713,0.9003094511950475,0.8982885439759539,0.8961590145638476,0.8939138099377358,0.8915452832177746,0.8890451251564901,0.8864042850715274,0.8836128791713974,0.8806600837447814,0.8775340100719856,0.874221557127263,0.8707082371172168,0.8669779675605316,0.8630128218424381,0.8587927278114662,0.8542951007926942,0.8494943930277806,0.8443615355127472,0.8388632397288693,0.8329611146827282,0.826610537169019,0.8197591873353153,0.8123451227173843,0.804294203969713,0.7955165908145317,0.7859018728241238,0.2988650850538726,0.2985039626183198,0.29814035196432187,0.29777432346191784,0.2974059533584664,0.29703532407175826,0.296662524495262,0.2962876503157761,0.29591080434385975,0.2955320968574066,0.2951516459586029,0.29476957794468883,0.29438602769268774,0.2940011390584823,0.2936150652903835,0.2932279694574709,0.29284002489279887,0.2924514156516755,0.2920623369849975,0.2916729958277483,0.29128361130252234,0.2908944152380563,0.2905056527025034,0.29011758255112446,0.28973047798814283,0.2893446271421017,0.2889603336542187,0.2885779172789744,0.2881977144959236,0.2878200791318545,0.28744538299189876,0.2870740164982888,0.28670638933513415,0.28634293109733644,0.2859840919416847,0.2856303432378027,0.28528217821638985,0.2849401126120568,0.28460468529754496,0.2842764589061119,0.2839560204383935,0.2836439818497505,0.28334098061397756,0.2830476802587692,0.28276477086812246,0.2824929695466248,0.28223302084020035,0.2819856971077211,0.2817517988376058,0.28153215490340383,0.2813276227521184,0.28113908851900554,0.2809674670624386,0.2808137019125363,0.28067876512724765,0.2805636570497862,0.2804694059615583,0.2803970676250736,0.28034772471171193,0.2803224861099204
1.0,1.0,8.0,0.0,0.0,0.0,0.41117998168454045,0.4142459640835708,0.4174161971367956,0.42069283209037134,0.4240780008786725,0.4275738145568523,0.4311823619088431,0.43490570823096314,0.43874589428783756,0.44270493543380607,0.44678482088930055,0.45098751315837643,0.45531494756929486,0.4597690319168098,0.4643516461808579,0.4690646422924604,0.4739098439144,0.47888904619989603,0.4840040154892702,0.48925648890054163,0.4946481737661894,0.5001807468642474,0.5058558533879244,0.5116751055934061,0.5176400810609952,0.5237523204996046,0.5300133250191355,0.5364245527889376,0.5429874149940755,0.5497032709929243,0.556573422571354,0.5635991071784259,0.5707814900176554,0.5781216548548006,0.5856205933886736,0.5932791930145135,0.6010982227907591,0.609078317398105,0.6172199588546269,0.6255234557231106,0.6339889195136418,0.6426162379481773,0.6514050447117565,0.660354685266751,0.6694641782529464,0.6787321719333134,0.6881568950755829,0.6977361015793003,0.7074670080680496,0.7173462235625456,0.7273696702361021,0.7375324941224056,0.7478289645000047,0.75825236051615,0.7687948434324973,0.7794473126816202,0.7901992437127184,0.8010385053887065,0.8119511544765067,0.8229212045685403,0.9390728364886564,0.9387332154122435,0.9383774692542809,0.9380047300405888,0.9376140800724795,0.9372045488157688,0.9367751095669568,0.9363246758773646,0.9358520977139863,0.9353561573340415,0.9348355648466872,0.9342889534337179,0.9337148741968395,0.9331117905956321,0.9324780724365415,0.9318119893680079,0.9311117038310062,0.930375263408938,0.9296005925123346,0.9287854833263284,0.9279275859389243,0.9270243975559022,0.9260732506966575,0.9250713002486244,0.9240155092399233,0.9229026331698519,0.9217292027107495,0.9204915045654034,0.9191855602298391,0.9178071023690728,0.9163515484627586,0.9148139713195846,0.9131890659841226,0.9114711124751956,0.909653933685144,0.9077308476410031,0.9056946131669509,0.9035373677887623,0.9012505564754442,0.8988248495033241,0.8962500473403965,0.8935149699561346,0.890607327333843,0.8875135671536274,0.8842186945664512,0.8807060576060918,0.8769570899737149,0.8729510005087336,0.8686643953945973,0.8640708146879946,0.8591401585916285,0.8538379702393638,0.8481245294403811,0.8419536939886593,0.8352713988316618,0.8280136837957313,0.8201040596250594,0.8114499259178919,0.8019375984340651,0.7914252416291813,0.3121096823550365,0.311881170273841,0.31165110720193473,0.31141953763268204,0.3111865098072722,0.3109520758997583,0.31071629220936836,0.31047921936006917,0.31024092250769536,0.31000147155466967,0.30976094137254034,0.30951941203256894,0.3092769690442452,0.3090337036021827,0.308789712841228,0.3085451001000204,0.3082999751930603,0.30805445469131243,0.3078086622114017,0.3075627287133919,0.3073167928071543,0.3070710010673008,0.30682550835649364,0.3065804781571615,0.3063360829114278,0.3060925043689466,0.30584993394253346,0.30560857307128914,0.30536863359080857,0.3051303381101295,0.3048939203949287,0.30465962575649874,0.3044277114458091,0.30419844705214555,0.3039721149054309,0.3037490104815139,0.3035294428094965,0.30331373488013247,0.30310222405412723,0.3028952624693743,0.3026932174456788,0.3024964718857006,0.30230542467066784,0.3021204910492922,0.3019421030183136,0.3017707096928122,0.30160677766459704,0.3014507913466745,0.30130325330187047,0.30116468455337736,0.301035624875354,0.3009166330610459,0.30080828716645,0.300711184727087,0.3006259429455773,0.30055319884775517,0.30049360940498043,0.3004478516203478,0.30041662257662366,0.3004006394437288
1.0,1.0,9.0,0.0,0.0,0.0,0.41587930716484045,0.4191000479107681,0.4224273264577765,0.42586325062384806,0.4294099090702183,0.43306937004374885,0.43684368027734904,0.44073486404318446,0.4447449223507083,0.4488758322775632,0.4531295464182793,0.4575079924320497,0.4620130726673076,0.46664666383735764,0.47141061671748763,0.47630675583085197,0.4813368790861281,0.48650275732708326,0.4918061337496287,0.4972487231388062,0.5028322108735832,0.5085582516434605,0.514428467816303,0.5204444473918625,0.5266077414701388,0.5329198611581079,0.5393822738316386,0.545996398662115,0.5527636013091972,0.5596851876719576,0.5667623965796957,0.5739963912925572,0.5813882496676173,0.5889389528312113,0.5966493721802666,0.6045202545156189,0.6125522050867379,0.6207456683017414,0.6291009058262813,0.6376179717609638,0.6462966845481616,0.6551365952149397,0.6641369515085761,0.6732966574234115,0.6826142275536583,0.6920877356315703,0.7017147565273053,0.7114923008916931,0.721416741514682,0.731483730352137,0.741688105036806,0.7520237835375175,0.7624836454616283,0.7730593983114736,0.7837414268035381,0.7945186231478388,0.80537819596387,0.8163054552959441,0.8272835709959783,0.8382933015991216,0.9428720868554831,0.9425816931548006,0.9422763076867072,0.9419550787876098,0.9416171037601407,0.941261425558463,0.9408870292298297,0.9404928380905196,0.9400777096135214,0.9396404310012257,0.9391797144147923,0.938694191827949,0.9381824094699995,0.9376428218177366,0.9370737850922176,0.936473550210684,0.9358402551374699,0.935171916570783,0.934466420894763,0.9337215143163032,0.9329347920945074,0.9321036867600773,0.9312254552051379,0.9302971645078782,0.9293156763360899,0.928277629750046,0.9271794221962553,0.9260171884520754,0.9247867772393228,0.9234837251799775,0.9221032277090488,0.9206401064911666,0.9190887728061964,0.9174431862671314,0.9156968081123408,0.9138425481626672,0.9118727043492215,0.9097788934865165,0.9075519716799223,0.9051819423931069,0.9026578497485679,0.8999676540507467,0.8970980857794372,0.8940344733370825,0.8907605385802211,0.8872581525127656,0.8835070413249604,0.8794844300123474,0.875164606804574,0.8705183861201102,0.8655124400786788,0.860108457726711,0.8542620754914662,0.847921499492827,0.8410257061889838,0.8335020557637854,0.8252630713584717,0.8162020068310571,0.8061866100978501,0.7950501200916841,0.3210571722473158,0.3209213107893603,0.32078465462436967,0.32064723219339775,0.320509074044809,0.32037021293165857,0.32023068391249593,0.3200905244559233,0.31994977454898693,0.3198084768093172,0.3196666766013725,0.3195244221566368,0.3193817646980795,0.31923875856875367,0.31909546136478917,0.31895193407276,0.3188082412116426,0.31866445097921503,0.31852063540322406,0.3183768704972145,0.31823323642119183,0.318089817647082,0.31794670312917594,0.3178039864794337,0.3176617661478803,0.31752014560795805,0.31737923354691905,0.3172391440614028,0.3170999968578475,0.3169619174582597,0.31682503741070955,0.3166894945050453,0.3165554329934415,0.316423003815923,0.31629236483052037,0.31616368104834264,0.3160371248730742,0.3159128763449625,0.3157911233890864,0.31567206206775555,0.3155558968367854,0.3154428408054099,0.31533311599968056,0.31522695362895675,0.3151245943552207,0.3150262885649796,0.3149322966431545,0.3148428892488404,0.31475834759233573,0.3146789637130763,0.3146050407578985,0.31453689325924034,0.3144748474126526,0.3144192413530595,0.3143704254292122,0.31432876247562563,0.31429462808137054,0.31426841085512,0.31425051268555454,0.314241348996627
1.0,1.0,10.0,0.0,0.0,0.0,0.4188947688292939,0.42221329743530983,0.42563971549808927,0.4291761045437277,0.4328245273774509,0.43658702699705193,0.4404656256490742,0.4444623240199009,0.4485791005508212,0.4528179108622261,0.45718068726916666,0.4616693383671064,0.4662857486629463,0.4710317782230933,0.4759092623068225,0.48092001094975034,0.48606580845840786,0.4913484127732711,0.4967695546538882,0.5023309366359441,0.5080342317051915,0.5138810816297354,0.5198730948862487,0.5260118441114529,0.5322988630035199,0.5387356425919351,0.5453236267874298,0.552064207114952,0.5589587165236868,0.5660084221578414,0.5732145169601458,0.5805781099661588,0.5881002151328264,0.5957817385268073,0.6036234636785847,0.6116260348857131,0.6197899382225098,0.6281154799846083,0.6366027622629818,0.6452516553041918,0.6540617662698711,0.663032403959461,0.6721625390037328,0.6814507589727944,0.6908952177694115,0.7004935785964602,0.7102429496934068,0.7201398119312624,0.73017993723637,0.7403582966792563,0.750668956915105,0.7611049634966481,0.7716582093966172,0.7823192868795196,0.7930773206499854,0.8039197799873544,0.8148322673586543,0.8257982808046402,0.8367989472415818,0.8478127237558594,0.9452471447676374,0.9449864620464933,0.9447115087337183,0.9444214464982102,0.9441153853490385,0.9437923801997078,0.9434514271746351,0.9430914596358175,0.9427113439042987,0.9423098746486986,0.9418857699102411,0.9414376657302683,0.940964110341909,0.9404635578834917,0.9399343615870578,0.9393747663875758,0.938782900894286,0.9381567686563074,0.9374942386470563,0.9367930348808603,0.9360507250654228,0.9352647081778349,0.9344322008383467,0.9335502223362699,0.9326155781413704,0.9316248417084482,0.9305743343525817,0.9294601029369942,0.9282778950725938,0.927023131477364,0.9256908750824362,0.9242757963980806,0.9227721345620942,0.9211736533863527,0.919473591580646,0.9176646061718553,0.9157387079318544,0.9136871873754592,0.9115005295754223,0.9091683156425581,0.90667910821751,0.9040203176770694,0.9011780449319605,0.8981368956217428,0.8948797591095926,0.8913875438284014,0.8876388580595005,0.8836096218919963,0.879272591564405,0.874596771102181,0.8695466773545267,0.8640814119929466,0.8581534758913204,0.8517072345740913,0.844676903226589,0.8369838579723794,0.8285329827271163,0.8192076030631246,0.8088622943565605,0.7973123932011587,0.3267390623228198,0.32665989274364443,0.3265803295182476,0.3265003899657767,0.3264200925542495,0.3263394569512416,0.32625850407648166,0.32617725615637216,0.32609573678050585,0.3260139709602643,0.32593198518957595,0.3258498075077149,0.3257674675645747,0.32568499668802064,0.3256024279538137,0.3255197962578738,0.3254371383910832,0.3253544931166854,0.32527190125034766,0.3251894057428963,0.32510705176590105,0.32502488680011066,0.3249429607267975,0.32486132592213146,0.3247800373546492,0.3246991526858293,0.3246187323739812,0.3245388397813084,0.32445954128442267,0.3243809063882933,0.32430300784367216,0.32422592176812953,0.324149727770683,0.324074509080225,0.32400035267763416,0.3239273494317992,0.32385559423949295,0.32378518616924395,0.3237162286091915,0.32364882941902917,0.32358310108606547,0.3235191608853958,0.3234571310444131,0.32339713891134186,0.3233393171282594,0.3232838038082528,0.3232307427170128,0.3231802834586449,0.32313258166595077,0.3230877991948681,0.3230461043234782,0.32300767195508695,0.32297268382571886,0.32294132871591813,0.3229138026666575,0.3228903091994001,0.32287105954036616,0.32285627284873675,0.32284617644874813,0.3228410060657279
1.0,1.0,11.0,0.0,0.0,0.0,0.42076344470864674,0.424141995693047,0.4276292299126271,0.431227213305336,0.43493799347727874,0.43876359870986664,0.44270603709961964,0.4467672958204164,0.4509493404955047,0.45525411466339355,0.4596835393177782,0.46423951249916934,0.4689239089116022,0.4737385795351557,0.4786853512007197,0.48376602609097924,0.488982381126787,0.4943361671950746,0.4998291081706093,0.5054628996795408,0.5112392075482355,0.5171596658766904,0.5232258746703367,0.5294393969585475,0.5358017553221438,0.5423144277453148,0.5489788426991198,0.5557963733561746,0.5627683308248452,0.5698959562815761,0.577180411866138,0.5846227701908718,0.5922240022985393,0.599984963884421,0.6079063795773989,0.6159888250501541,0.6242327067016685,0.6326382386228963,0.6412054165212633,0.6499339882389009,0.658823420452686,0.6678728610914858,0.6770810969459232,0.6864465058779703,0.695967002958985,0.7056399797783687,0.7154622360638929,0.7254299026432066,0.7355383546489715,0.7457821137281104,0.7561547378576076,0.7666486971943455,0.7772552341954329,0.7879642060398169,0.7987639071661555,0.8096408695225179,0.8205796379144226,0.8315625176595085,0.8425692916435223,0.8535769038785929,0.9466954276932706,0.9464524477014533,0.9461956415907962,0.9459241803761339,0.9456371831066447,0.9453337133589524,0.9450127754638374,0.9446733104438763,0.9443141916356258,0.9439342199677266,0.943532118862991,0.9431065287287193,0.9426560009960668,0.9421789916641332,0.9416738542995421,0.9411388324360138,0.9405720513122827,0.9399715088777885,0.9393350659878063,0.9386604356981822,0.937945171558239,0.9371866547865517,0.9363820801973765,0.935528440726652,0.9346225103839261,0.9336608254299912,0.9326396635479434,0.9315550207393161,0.9304025856306439,0.929177710823893,0.9278753808592326,0.9264901762809287,0.9250162332037397,0.9234471976619963,0.9217761738832736,0.9199956654555194,0.9180975081424143,0.9160727928359811,0.9139117767994958,0.911603780935855,0.9091370702792194,0.9064987142262371,0.903674422142616,0.9006483488359154,0.8974028628866041,0.893918268843192,0.8901724716343059,0.8861405679586515,0.8817943445042052,0.8771016560350113,0.8720256468100401,0.866523765120606,0.860546500871794,0.8540357467428471,0.8469226390686795,0.839124665979479,0.830541721571688,0.8210506074113801,0.8104971835013959,0.7986848473615117,0.3302215153318442,0.330175493826791,0.33012927147808097,0.3300828585669836,0.3300362660086142,0.3299895053792271,0.32994258894466183,0.3298955296897773,0.3298483413490415,0.3298010384382446,0.32975363628744175,0.32970615107510576,0.32965859986349344,0.3296110006354365,0.3295633723323924,0.32951573489392866,0.32946810929868886,0.3294205176068227,0.3293729830039237,0.329325529846636,0.3292781837098613,0.3292309714356959,0.3291839211840582,0.3291370624852108,0.3290904262940908,0.32904404504658075,0.3289979527177373,0.32895218488213573,0.32890677877625235,0.32886177336303735,0.3288172093987575,0.32877312950211485,0.3287295782256856,0.3286866021299372,0.3286442498596447,0.32860257222290706,0.3285616222728621,0.32852145539215044,0.32848212938008503,0.3284437045428293,0.3284062437864904,0.3283698127132523,0.3283344797206514,0.3283003161040175,0.32826739616233286,0.32823579730724906,0.3282056001758229,0.3281768887465403,0.3281497504591699,0.32812427633822033,0.3281005611202056,0.32807870338485123,0.3280588056901677,0.3280409747117199,0.3280253213858647,0.328011961057365,0.328001013631205,0.3279926037288206,0.32798686084882256,0.32798391953219364
1.0,1.0,12.0,0.0,0.0,0.0,0.42189507008515925,0.4253097588867336,0.42883359563978596,0.4324686371228212,0.4362169220590539,0.44008047017614477,0.44406128139143297,0.44816133511173456,0.45238258963431377,0.4567269816317417,0.4611964257004386,0.4657928139492452,0.47051801560090056,0.47537387657606883,0.48036221902593595,0.48548484077618526,0.4907435146406242,0.4961399875605166,0.5016759795200988,0.5073531821856483,0.5131732572107194,0.5191378341453149,0.5252485078816334,0.5315068355631115,0.5379143328771104,0.5444724696448918,0.5511826646136118,0.5580462793468606,0.5650646110996929,0.5722388845521209,0.5795702422627955,0.587059733688424,0.5947083025983313,0.6025167726935482,0.610485831217958,0.6186160103237464,0.6269076659243357,0.6353609537357163,0.6439758021695218,0.65275188169858,0.6616885702676475,0.6707849142667606,0.680039584522096,0.6894508266883957,0.6990164053458261,0.7087335410130288,0.7185988391844991,0.7286082103838362,0.7387567800925732,0.7490387872680245,0.7594474700001184,0.7699749366767338,0.7806120208319937,0.7913481176418966,0.8021709998145872,0.8130666104037859,0.8240188298724479,0.8350092145710644,0.8460167037121475,0.8570172919790402,0.9475639491004321,0.9473314318360323,0.9470853567308529,0.9468249008579808,0.9465491891706543,0.9462572909533,0.9459482160013568,0.9456209105065118,0.9452742526202995,0.9449070476665536,0.9445180229704043,0.9441058222670469,0.9436689996499597,0.9432060130134925,0.942715216939315,0.9421948549697864,0.941643051205227,0.9410578011527725,0.9404369617464574,0.9397782404469459,0.9390791833163993,0.9383371619508662,0.9375493591344113,0.9367127530606192,0.9358240999429414,0.9348799148093411,0.9338764502426933,0.9328096727921008,0.9316752367320498,0.9304684547943662,0.9291842654285883,0.927817196069565,0.9263613217925973,0.9248102186182955,0.9231569105857074,0.9213938095321846,0.9195126462990263,0.9175043918049601,0.9153591660854924,0.9130661329592511,0.9106133774289281,0.9079877622164473,0.9051747589155489,0.9021582480573591,0.8989202808222956,0.8954407930612449,0.8916972595192686,0.887664272400697,0.883313023270596,0.8786106601425002,0.8735194815361337,0.867995914883209,0.8619892056881469,0.855439712740713,0.8482766575550791,0.8404151031535088,0.8317518210851117,0.8221595151581863,0.811478547920764,0.7995047487665015,0.3323145023070098,0.3322877033031799,0.33226079731334046,0.3322337903837473,0.33220668891726896,0.332179499688656,0.3321522298603497,0.3321248869989216,0.3320974790921325,0.33207001456665736,0.3320425023064888,0.3320149516720655,0.33198737252008453,0.33195977522414205,0.3319321706960412,0.331904570408089,0.33187698641606367,0.3318494313831736,0.33182191860482146,0.33179446203439117,0.33176707630998414,0.331739776782119,0.33171257954248984,0.3316855014538314,0.33165856018085543,0.3316317742223809,0.3316051629445744,0.33157874661556885,0.3315525464412145,0.33152658460223916,0.33150088429272817,0.33147546976007275,0.33145036634632247,0.3314256005310903,0.3314011999760094,0.3313771935707938,0.33135361148100756,0.331330485197528,0.33130784758781445,0.3312857329489932,0.33126417706290034,0.33124321725307243,0.3312228924437204,0.3312032432208899,0.3311843118957456,0.3311661425700902,0.3311487812042002,0.33113227568709297,0.3311166759091059,0.3311020338372618,0.3310884035929907,0.3310758415327324,0.3310644063312043,0.3310541590676275,0.3310451633148401,0.3310374852314614,0.331031193657216,0.33102636021144155,0.3310230593949312,0.3310213686951934
1.0,1.0,13.0,0.0,0.0,0.0,0.4225704546507724,0.4260066367800984,0.42955223854013574,0.4332093113470705,0.43697988874128435,0.44086598547648165,0.44486959673017856,0.44899269742416387,0.4532372416404647,0.45760516211547053,0.462098369791315,0.4667187534003223,0.4714681790549055,0.4763484898124123,0.48136150517990145,0.486509020521617,0.49179280632696676,0.49721460729421035,0.5027761411800121,0.5084790973618719,0.5143251350549453,0.5203158811205306,0.5264529273979797,0.5327378274858764,0.5391720928917576,0.5457571884624609,0.5524945269987047,0.5593854629488627,0.5664312850653219,0.5736332078960105,0.5809923619695994,0.5885097825174204,0.5961863965578658,0.604023008149106,0.6120202815931892,0.6201787223483831,0.6284986553779268,0.6369802006291032,0.6456232452985784,0.6544274124964075,0.6633920258719495,0.6725160697077919,0.681798143924457,0.691236413365673,0.7008285506510954,0.7105716717902151,0.7204622636449654,0.7304961022094688,0.7406681605411185,0.750972505027619,0.7614021785071322,0.7719490685782118,0.7826037592341148,0.7933553637483535,0.8041913365168257,0.81509726134723,0.8260566134893287,0.8370504925472148,0.8480573233539506,0.8590525219796069,0.9480792894496612,0.9478529255730347,0.9476131636786523,0.9473591845992049,0.9470901169666635,0.946805033638607,0.9465029478507846,0.9461828090717366,0.9458434985313969,0.9454838243956335,0.9451025165514858,0.9446982209681641,0.9442694935910749,0.9438147937246296,0.9433324768510347,0.9428207868291778,0.9422778474079263,0.9417016529817024,0.9410900585063355,0.9404407684820285,0.9397513248982438,0.939019094020362,0.9382412518810053,0.937414768318922,0.9365363893845491,0.935602617904927,0.9346096919653942,0.9335535610295602,0.932429859369763,0.9312338764262807,0.929960523645562,0.9286042972669803,0.9271592364289215,0.9256188758446547,0.9239761921515534,0.922223542854498,0.9203525965601936,0.9183542529169179,0.916218550323094,0.913934559022294,0.911490256636627,0.9088723824666326,0.9060662659500414,0.9030556234540346,0.8998223159770173,0.8963460582146839,0.8926040666011381,0.8885706300842817,0.8842165821048844,0.8795086449005802,0.874408606884078,0.8688722789912058,0.8628481542332642,0.8562756625129916,0.8490828639367353,0.8411833480248561,0.8324719853132666,0.8228189792953768,0.8120613295145442,0.7999902217594264,0.333558212461661,0.33354258254948954,0.33352689360002313,0.3335111491567248,0.3334953529667006,0.333479508989565,0.3334636214063631,0.33344769462880364,0.3334317333091643,0.3334157423503074,0.3333997269160845,0.333383692442388,0.33336764464836244,0.3333515895482597,0.33333553346355155,0.3333194830357235,0.3333034452393885,0.3332874273960213,0.333271437188221,0.3332554826744104,0.3332395723041864,0.33322371493431996,0.3332079198452514,0.33319219675829986,0.33317655585345207,0.3331610077879457,0.3331455637154834,0.3331302353061821,0.3331150347673291,0.33309997486484616,0.33308506894572265,0.33307033096107813,0.3330557754903457,0.33304141776614715,0.3330272737002779,0.3330133599106123,0.33299969374896043,0.33298629333005814,0.33297317756167094,0.33296036617572494,0.3329478797606962,0.3329357397951153,0.3329239686824737,0.33291258978728394,0.33290162747259616,0.3328911071388101,0.3328810552639873,0.3328714994456497,0.33286246844421075,0.3328539922277441,0.33284610201873516,0.33283883034238115,0.332832211076583,0.332826279503995,0.33282107236574276,0.3328166279173145,0.33281298598625425,0.33281018803220985,0.3328082772089276,0.3328072984286464
1.0,1.0,14.0,0.0,0.0,0.0,0.4229699672245641,0.4264188372792407,0.42997728568829696,0.4336473607335334,0.4374310929317932,0.4413304941411612,0.4453475567856658,0.44948425318718505,0.4537425349896419,0.4581243326577987,0.46263155502957853,0.4672660888971409,0.47202979858929256,0.47692452552392145,0.48195208769562,0.4871142790606751,0.492412868777115,0.4978496002545959,0.5034261899642892,0.5091443259547297,0.5150056660156654,0.521011835425951,0.5271644242172382,0.5334649838784081,0.5399150234198256,0.5465160047079376,0.5532693369740299,0.5601763703900269,0.567238388594297,0.5744566000384405,0.5818321280120902,0.5893659991868739,0.5970591305035238,0.6049123142055958,0.6129262007999425,0.6211012796983727,0.6294378572646623,0.6379360319571937,0.6465956662188526,0.6554163547212284,0.6643973885204958,0.6735377146251788,0.6828358904102039,0.6922900322392117,0.7018977575722372,0.7116561197414264,0.7215615344703317,0.7316096970912992,0.7417954892796155,0.7521128739718071,0.7625547769666963,0.7731129535243405,0.7837778380757379,0.7945383749464981,0.8053818277762941,0.8162935651022117,0.8272568193797972,0.8382524165729511,0.8492584733914916,0.8602500593739436,0.9483830786653725,0.948160323076307,0.9479242639176345,0.9476740842970582,0.9474089150776857,0.9471278312898502,0.9468298482680176,0.9465139174870111,0.9461789220706964,0.9458236719437008,0.9454468985914987,0.9450472493928436,0.9446232814822869,0.9441734550974334,0.9436961263583196,0.9431895394219988,0.9426518179463422,0.9420809557905426,0.9414748068693489,0.9408310740670355,0.9401472971051988,0.9394208392434247,0.938648872673635,0.9378283624511238,0.936956048778585,0.936028427434396,0.9350417281012947,0.9339918903127439,0.9328745366883143,0.9316849430715759,0.9304180051171016,0.9290682007913065,0.9276295481521792,0.9260955576507537,0.924459178049485,0.9227127348679667,0.9208478600388093,0.9188554111724545,0.9167253784731029,0.9144467768973846,0.9120075205749385,0.9093942757761466,0.9065922877640537,0.9035851756342046,0.9003546876236511,0.8968804072176486,0.8931393974984307,0.8891057672636208,0.8847501370714186,0.8800389758922966,0.8749337684967292,0.8693899585786415,0.8633555905400343,0.8567695400389128,0.8495591735437151,0.8416371996208969,0.832897350921891,0.8232083323328251,0.8124051246213548,0.800276121070557,0.33429219325037324,0.33428307016891146,0.33427391373699517,0.3342647260280952,0.33425550923313285,0.3342462656655723,0.334236997766584,0.3342277081103515,0.33421839940975295,0.3342090745221168,0.334199736455323,0.3341903883740298,0.3341810336062399,0.334171675650065,0.3341623181808131,0.33415296505825076,0.3341436203343371,0.33413428826097774,0.33412497329843,0.3341156801236677,0.33410641363941934,0.33409717898327435,0.3340879815373429,0.334078826938208,0.334069721087215,0.3340606701613026,0.3340516806240907,0.3340427592375489,0.3340339130739856,0.33402514952860823,0.3340164763325167,0.33400790156619004,0.33399943367352347,0.33399108147641005,0.3339828541898221,0.3339747614376032,0.3339668132687172,0.33395902017423645,0.33395139310491445,0.33394394348944934,0.3339366832535325,0.3339296248394356,0.33392278122657265,0.33391616595267337,0.33390979313590674,0.3339036774976734,0.33389783438645576,0.33389227980246716,0.3338870304232416,0.3338821036303216,0.33387751753666556,0.33387329101550367,0.3338694437299152,0.33386599616373375,0.3338629696536047,0.33386038642216437,0.3338582696125576,0.3338566433242061,0.33385553264990603,0.33385496371443857
1.0,1.0,15.0,0.0,0.0,0.0,0.4232050312943459,0.4266613576075303,0.4302273549782079,0.4339050698571661,0.43769653099715583,0.4416037485687746,0.4456287133935451,0.4497733962820663,0.4540397474629999,0.45842969608426554,0.46294514976554635,0.46758799417726626,0.4723600926182296,0.4772632855604129,0.4822993901263182,0.48747019946029463,0.49277748195196713,0.4982229802659111,0.5038084101278091,0.5095354588127294,0.5154057832773044,0.5214210078718639,0.5275827215634409,0.533892474594987,0.5403517744985296,0.5469620813735688,0.5537248023327593,0.5606412850080332,0.5677128099990785,0.5749405821344158,0.5823257204012834,0.5898692463841941,0.5975720710352762,0.6054349795782121,0.6134586143246935,0.6216434551555262,0.6299897973891084,0.6384977267247585,0.6471670909101775,0.6559974677369038,0.6649881289179043,0.6741379993433002,0.6834456111445915,0.6929090519241438,0.7025259064208983,0.7122931907898311,0.7222072785615403,0.7322638172302723,0.7424576342783447,0.7527826312949888,0.7632316646769794,0.7737964112131028,0.7844672166535533,0.7952329251523492,0.8060806872514136,0.8169957438613406,0.8279611835014827,0.8389576699236255,0.8499631372011693,0.86095244949491,0.9485614578889865,0.9483408144362351,0.948106922956148,0.9478589679130056,0.9475960815017865,0.9473173400520775,0.9470217601553339,0.9467082944907297,0.946375827321981,0.9460231696358672,0.9456490538872914,0.9452521283153139,0.9448309507870226,0.9443839821240094,0.9439095788582966,0.9434059853613321,0.9428713252785619,0.9423035921974887,0.9417006394656464,0.9410601690641206,0.9403797194298851,0.9396566521056674,0.9388881370777546,0.9380711366425984,0.937202387620046,0.9362783817007677,0.9352953436844631,0.9342492073242468,0.9331355884468381,0.9319497549595818,0.9306865932896259,0.9293405707159408,0.9279056929560627,0.9263754562466323,0.9247427930078449,0.9230000099947362,0.9211387176117085,0.9191497487784985,0.9170230653779619,0.9147476498614445,0.9123113790118464,0.9097008761238082,0.9069013369059686,0.9038963231663071,0.900667516705437,0.8971944236735329,0.8934540167330272,0.8894202984208788,0.8850637636788841,0.8803507319724515,0.8752425087560106,0.869694320753794,0.8636539472019286,0.8570599359862,0.8498392431400004,0.8419040556342101,0.8331474319330123,0.8234371883078667,0.8126071073831533,0.8004439233301871,0.334723525230746,0.3347181985189718,0.33471285269982093,0.3347074889855326,0.3347021086565067,0.33469671306420945,0.3346913036340826,0.3346858818687529,0.33468044935126884,0.3346750077484061,0.33466955881425153,0.3346641043937368,0.33465864642657267,0.3346531869510716,0.3346477281082701,0.33464227214617753,0.33463682142427065,0.3346313784179228,0.33462594572338183,0.33462052606260806,0.33461512228842344,0.33460973738996036,0.3346043744981461,0.3345990368915955,0.3345937280024983,0.3345884514230288,0.33458321091172005,0.3345780104002321,0.33457285400052134,0.33456774601188466,0.33456269092878227,0.334557693448534,0.33455275847962124,0.33454789115010064,0.3345430968165193,0.33453838107302475,0.33453374976098876,0.3345292089788013,0.3345247650922313,0.3345204247451285,0.3345161948705271,0.3345120827021231,0.3345080957863886,0.3345042419948897,0.3345005295373352,0.33449696697492765,0.33449356323436735,0.33449032762238645,0.3344872698407341,0.3344844000018145,0.33448172864499826,0.33447926675351586,0.3344770257718516,0.3344750176240007,0.33447325473247924,0.33447175003777413,0.33447051701882385,0.3344695697141816,0.33446892274390144,0.33446859133249707
1.0,1.0,16.0,0.0,0.0,0.0,0.42334289952823323,0.4268035959375243,0.4303740175402728,0.4340562097177854,0.43785220019329824,0.4417639981533522,0.44579359348552106,0.44994295612046675,0.4542140354633634,0.4586087598965307,0.4631290363319817,0.4677767497890584,0.47255376296900653,0.47746191579553465,0.48250302488566027,0.4876788829132057,0.4929912578221541,0.4984418918446019,0.5040325002726339,0.5097647699305127,0.5156403572881663,0.5216608861520334,0.5278279448644247,0.5341430829357323,0.5406078070279038,0.5472235761992374,0.5539917963134783,0.5609138135044422,0.5679909065793167,0.575224278229106,0.5826150449026515,0.5901642251832174,0.5978727264899913,0.6057413299058655,0.6137706729087197,0.6219612297582595,0.6303132892594369,0.6388269295881887,0.6475019898281164,0.6563380378193646,0.6653343338723601,0.6744897898398011,0.6838029229747102,0.6932718039285136,0.7028939981569422,0.7126664999061985,0.7225856578438647,0.7326470912754421,0.7428455957510068,0.7531750367130765,0.7636282296666871,0.7741968051664296,0.784871056714044,0.795639769446332,0.8064900272740296,0.8174069959188013,0.8283736791051064,0.8393706450275613,0.850375720176175,0.8613636477411029,0.9486659548918459,0.9484465465042236,0.9482139226567335,0.9479672686153324,0.9477057173628571,0.9474283459981971,0.9471341718578413,0.9468221483355617,0.9464911603724778,0.9461400195877578,0.9457674590151429,0.9453721274087847,0.9449525830770386,0.9445072871958416,0.9440345965519723,0.9435327556560842,0.9429998881604676,0.9424339875083242,0.9418329067304417,0.9411943472945041,0.9405158469015651,0.939794766105291,0.9390282736169676,0.9382133301345726,0.9373466705140486,0.9364247840690456,0.935443892756687,0.934399926961525,0.9332884985481971,0.93210487079181,0.9308439247296957,0.9295001213947519,0.9280674592886989,0.9265394263327625,0.9249089453825302,0.9231683122067016,0.9213091246006672,0.9193222010179732,0.9171974867431208,0.9149239451713808,0.9124894311853972,0.9098805428722213,0.9070824468667613,0.9040786713585728,0.9008508591517591,0.8973784709925778,0.8936384264457543,0.8896046656339073,0.8852476096994156,0.8805334902528328,0.8754235073500589,0.8698727601523194,0.863828871953627,0.8572301978219854,0.8500034522663105,0.8420605152078262,0.8332940480725853,0.8235713435714488,0.812725478020485,0.8005422069297586,0.33497634707138324,0.334973236747124,0.3349701153867205,0.33496698369850164,0.3349638424304918,0.33496069237200077,0.33495753435544734,0.3349543692580785,0.3349511980038806,0.3349480215656263,0.33494484096679766,0.33494165728376923,0.3349384716479679,0.3349352852481989,0.3349320993330459,0.33492891521327567,0.3349257342644732,0.3349225579296744,0.33491938772217666,0.3349162252284179,0.33491307211101523,0.33490993011179626,0.33490680105515763,0.33490368685134786,0.3349005895000721,0.3348975110940269,0.3348944538227595,0.3348914199765991,0.3348884119507326,0.3348854322494912,0.33488248349073363,0.3348795684104853,0.3348766898676223,0.3348738508490128,0.3348710544744665,0.33486830400226786,0.33486560283460065,0.33486295452347953,0.33486036277669146,0.33485783146402415,0.33485536462384347,0.33485296646971935,0.33485064139762244,0.3348483939930549,0.3348462290386392,0.3348441515221226,0.33484216664441285,0.3348402798280869,0.33483849672634447,0.33483682323204766,0.3348352654872748,0.3348338298932492,0.33483252312067624,0.3348313521203054,0.3348303241341246,0.3348294467068641,0.3348287276980181,0.3348281752942326,0.33482779802223445,0.3348276047623361
1.0,1.0,17.0,0.0,0.0,0.0,0.42342360974075544,0.42688686340391846,0.43045987387141826,0.43414468590015604,0.43794332661238317,0.44185780462055013,0.44589010926759454,0.4500422099712611,0.4543160556569315,0.4587135742610704,0.4632366722838175,0.46788723436563445,0.47266712286038526,0.477578177372913,0.48262221422649687,0.48780102582138724,0.49311637984253215,0.49857001827035113,0.5041636561443327,0.5098989800258507,0.5157776461005172,0.5218012778566938,0.5279714632708598,0.5342897514238745,0.5407576484672582,0.5473766128483257,0.5541480496972393,0.5610733042680689,0.5681536543150789,0.575390301273621,0.582784360101351,0.5903368476184809,0.5980486691690021,0.6059206034034835,0.6139532849607148,0.6221471847991172,0.6305025878983352,0.6390195680163564,0.6476979591491163,0.6565373232934733,0.6655369140649411,0.6746956356615471,0.6840119966012637,0.6934840575840868,0.7031093727451783,0.7128849234696082,0.7228070438295948,0.7328713365835882,0.7430725785373659,0.7534046139156303,0.7638602342206608,0.7744310428687222,0.7851073026935548,0.7958777641911435,0.8067294721628727,0.8176475481988522,0.8286149462549149,0.839612178441268,0.8506170081074971,0.8616041074494152,0.9487270862302359,0.9485083995905863,0.9482765165533973,0.9480306228563146,0.947769851945709,0.9474932813732403,0.9471999289142734,0.9468887483836476,0.9465586251223075,0.9462083711227586,0.9458367197610463,0.9454423200968204,0.9450237307003324,0.944579412959479,0.9441077238143805,0.9436069078618735,0.9430750887632081,0.9425102598825804,0.941910274070293,0.9412728324996995,0.9405954724465272,0.9398755538920078,0.939110244807407,0.9382965049617759,0.9374310680680521,0.9365104220558262,0.9355307872254013,0.9344880919968803,0.9333779459229584,0.932195609574661,0.9309359608422162,0.9295934571094133,0.9281620926613746,0.9266353505588844,0.925006148065505,0.9232667745250118,0.921408820357559,0.9194230955533927,0.9172995356843925,0.9150270929935068,0.912593609544137,0.9099856686659814,0.9071884199709063,0.9041853719612547,0.9009581446021473,0.8974861720438934,0.8937463427448182,0.8897125602584246,0.8853552024813979,0.880640449534906,0.8755294396954058,0.8699771973409361,0.8639312543304511,0.8573298526558714,0.8500995651582958,0.8421520916187464,0.8333798604720178,0.823649857107145,0.8127947431173969,0.8005996991606104,0.3351243023560385,0.3351224862027332,0.3351206636457017,0.3351188350987254,0.33511700099870023,0.3351151618065837,0.33511331800843625,0.33511147011645287,0.3351096186700646,0.3351077642370805,0.33510590741491275,0.3351040488317193,0.3351021891477882,0.3351003290568193,0.33509846928728315,0.3350966106039762,0.3350947538093757,0.3350928997453038,0.335091049294492,0.3350892033823147,0.33508736297848507,0.3350855290989153,0.3350837028076051,0.3350818852185718,0.33508007749801805,0.33507828086624836,0.33507649660006983,0.3350747260350331,0.33507297056775914,0.33507123165850616,0.33506951083371944,0.3350678096886886,0.33506612989035783,0.3350644731802662,0.33506284137749515,0.3350612363817732,0.3350596601768809,0.33505811483384,0.335056602514601,0.3350551254755427,0.3350536860713824,0.33505228675912085,0.33505093010205167,0.3350496187740712,0.3350483555641602,0.3350471433809385,0.3350459852574512,0.33504488435610824,0.3350438439739111,0.3350428675478229,0.3350419586602867,0.3350411210450834,0.3350403585933275,0.33503967535969853,0.3350390755690449,0.33503856362301077,0.33503814410718696,0.33503782179832853,0.3350376016719642,0.33503748891027635
1.0,1.0,18.0,0.0,0.0,0.0,0.42347080638992557,0.4269355550872369,0.43051007904624045,0.43419642265924746,0.43799661269775386,0.44191265743906727,0.4459465459084056,0.4501002472242709,0.4543757100322959,0.4587748620090318,0.46329960941452647,0.46795183666852536,0.47273340592248553,0.47764615659555515,0.4826919048399321,0.4878724428966357,0.49318953829964757,0.49864493288267314,0.5042403415380856,0.5099774506737683,0.5158579163092901,0.5218833617471442,0.5280553747497031,0.5343755041466233,0.5408452557904643,0.5474660877705918,0.5542394047876175,0.5611665515801166,0.5682488052853962,0.5754873666030286,0.5828833496170014,0.5904377701144801,0.5981515322234464,0.6060254131693747,0.6140600459276265,0.622255899522529,0.6306132566926212,0.6391321886077838,0.6478125262833989,0.6566538282935037,0.665655344331779,0.6748159741124348,0.6841342210369358,0.6936081399763493,0.7032352784351009,0.7130126102652357,0.7229364609904722,0.7330024236775241,0.7432052641538086,0.7535388142171118,0.763995851311622,0.7745679629594631,0.7852453940327158,0.7960168747394435,0.8068694269761025,0.8177881464866998,0.8287559580799164,0.8397533410205836,0.8507580216811008,0.8617446306816505,0.9487628191948063,0.9485445541736574,0.9483131039012337,0.9480676543914638,0.9478073393626438,0.9475312366321004,0.9472383642326946,0.9469276762264972,0.9465980581893269,0.9462483223330792,0.9458772022351387,0.9454833471351094,0.9450653157577954,0.944621569616334,0.9441504657422383,0.9436502487841565,0.9431190424104103,0.9425548399405524,0.9419554941216137,0.9413187059563046,0.9406420124740564,0.9399227733234168,0.9391581560451159,0.938345119867136,0.9374803978366851,0.9365604770762379,0.9355815769198813,0.9345396246414577,0.9334302284446261,0.9322486473216771,0.9309897573247562,0.92964801370697,0.9282174082901787,0.9266914212954771,0.9250629667187809,0.9233243301492604,0.921467097696143,0.9194820744027459,0.9173591901626463,0.9150873906985184,0.912654510577847,0.910047124500722,0.9072503721234781,0.9042477504339881,0.901020866038046,0.8975491375286785,0.8938094351662464,0.8897756411095231,0.8854181079518244,0.8807029856857199,0.8755913764341909,0.8700382608087404,0.8639911171511425,0.8573881212623775,0.8501557630472655,0.8422056368143193,0.8334300345624464,0.8236957616891085,0.8128352368491365,0.8006333038884448,0.33521080548054244,0.33520974501944695,0.3352086808325942,0.3352076131616454,0.3352065422617562,0.33520546840212856,0.33520439186655,0.33520331295408645,0.33520223197966953,0.33520114927480416,0.33520006518824097,0.3351989800866299,0.33519789435540676,0.33519680839949406,0.3351957226440448,0.3351946375354335,0.33519355354197417,0.33519247115496503,0.33519139088950933,0.33519031328566123,0.3351892389092397,0.3351881683530905,0.33518710223800724,0.3351860412140649,0.33518498596168883,0.3351839371928839,0.3351828956526432,0.33518186212019563,0.335180837410367,0.3351798223751452,0.335178817905085,0.3351778249309671,0.33517684442530926,0.33517587740417026,0.33517492492881434,0.3351739881076693,0.3351730680980119,0.33517216610821504,0.33517128339956886,0.3351704212885481,0.3351695811489766,0.3351687644143566,0.33516797258025605,0.335167207206798,0.33516646992121363,0.3351657624206367,0.33516508647480037,0.3351644439289756,0.3351638367069535,0.33516326681432634,0.33516273634154437,0.33516224746747253,0.33516180246283395,0.3351614036938885,0.3351610536262715,0.3351607548288632,0.3351605099780106,0.3351603218617295,0.33516019338415454,0.3351601275701621
1.0,1.0,19.0,0.0,0.0,0.0,0.4234983877434812,0.4269640100031285,0.4305394183014433,0.43422665681775036,0.43802775211881767,0.44194471228630694,0.4459795261600059,0.4501341626838693,0.4544105703402238,0.4588106766540269,0.46333638774529357,0.46798958790504813,0.4727721391667115,0.4776858808412745,0.48273262898108266,0.4879141757343255,0.4932322885470072,0.4986887091673093,0.5042851524016986,0.5100233045684793,0.5159048215903508,0.5219313266610726,0.5281044074179572,0.5344256125437663,0.5408964477162747,0.5475183708154556,0.5542927862906045,0.561221038578656,0.5683044044560006,0.57554408419187,0.5829411913588336,0.5904967411397526,0.5982116369512176,0.606086655184824,0.6141224278427939,0.6223194228179654,0.6306779215377761,0.63919799365789,0.6478794684502421,0.65672190248646,0.6657245431659898,0.674886287580199,0.6842056361375327,0.6936806402993135,0.7033088436914076,0.7130872157594529,0.7230120770266846,0.7330790148909112,0.7432827887578839,0.7536172231564058,0.7640750873078709,0.774647959437422,0.7853260739110964,0.796098149070146,0.8069511934135026,0.8178702875675489,0.8288383392923565,0.8398358086415155,0.8508404003594305,0.8618267207492422,0.9487836962730882,0.9485656774941562,0.9483344799773729,0.948089289898578,0.9478292411350757,0.9475534116597532,0.9472608196562332,0.9469504193316494,0.9466210963990309,0.946271663199169,0.945900853427493,0.9455073164290954,0.9450896110195978,0.9446461987860367,0.9441754368134337,0.9436755697815555,0.9431447213634249,0.9425808848530363,0.9419819129376297,0.9413455065210562,0.940669202489573,0.9399503602976469,0.9391861472354442,0.9383735222157028,0.9375092178970951,0.936589720931557,0.9356112500890825,0.9345697319748124,0.9334607740046872,0.9322796342493787,0.9310211876880973,0.9296798883292731,0.9282497265563713,0.9267241809318235,0.9250961635428557,0.9233579577851717,0.9215011472495908,0.9195165340889648,0.9173940448792649,0.9151226215327735,0.9126900942370667,0.9100830326488518,0.9072865706061245,0.9042841983672188,0.9010575147296399,0.8975859291929197,0.8938463013803127,0.8898125009439145,0.8854548656851442,0.8807395279827274,0.8756275688231321,0.8700739432283299,0.8640260982484563,0.857422170980097,0.8501886028286147,0.8422369264200565,0.8334593539558699,0.8237225855524142,0.8128588977488659,0.8006529373359146,0.3352613521481482,0.3352607329515886,0.3352601115840821,0.33525948818672974,0.3352588629085587,0.33525823590672876,0.33525760734695326,0.33525697740386734,0.3352563462613307,0.3352557141129066,0.33525508116216296,0.3352544476231795,0.3352538137209584,0.33525317969188545,0.33525254578413494,0.33525191225827955,0.3352512793876768,0.3352506474590951,0.33525001677325733,0.3352493876453077,0.33524876040556106,0.33524813540000864,0.3352475129910359,0.3352468935579999,0.33524627749808916,0.33524566522682236,0.33524505717902187,0.335244453809462,0.3352438555937081,0.335243263028991,0.3352426766351028,0.33524209695519613,0.3352415245568984,0.3352409600331805,0.33524040400345106,0.3352398571145337,0.3352393200419207,0.3352387934907658,0.3352382781972252,0.33523777492963625,0.33523728448975115,0.33523680771424164,0.3352363454759503,0.33523589868542697,0.33523546829240203,0.33523505528738323,0.3352346607032946,0.335234285617125,0.3352339311517803,0.3352335984778058,0.3352332888154163,0.3352330034363462,0.3352327436660729,0.3352325108857588,0.3352323065346889,0.33523213211236685,0.3352319891810748,0.3352318793683994,0.33523180436963146,0.33523176595063725
1.0,1.0,20.0,0.0,0.0,0.0,0.42351450003346774,0.4269806325626483,0.4305565574228256,0.4342443186691052,0.4380459427486078,0.44196343762887896,0.44599879204146387,0.4501539748283091,0.454430934376566,0.45883159812271346,0.4633578721049652,0.468011640539386,0.47279476539042503,0.47770908590593497,0.48275641808014824,0.48793855400701364,0.49325726108127826,0.49871428100119675,0.5043113285229983,0.5100500899128545,0.5159322210367475,0.5219593450250803,0.528133049442033,0.5344548828845446,0.5409263509281189,0.5475489113305165,0.554323968394035,0.5612528663793717,0.5683368818518808,0.5755772148290976,0.5829749785848696,0.5905311879486099,0.5982467459211313,0.6061224284065734,0.6141588668383704,0.6223565284477635,0.6307156938959165,0.6392364319534175,0.6479185708730186,0.6567616660559065,0.6657649635605205,0.674927358945197,0.6842473508688464,0.6937229887998556,0.70335181409699,0.7131307936303988,0.7230562450006096,0.7331237522919143,0.7433280711567607,0.7536630218753191,0.7641213688628847,0.7746946849105839,0.7853731982439561,0.796145620268185,0.8069989516517941,0.8179182641851083,0.8288864556639656,0.8398839749132133,0.8508885140365687,0.8618746651246948,0.9487958904028694,0.9485780154215484,0.9483469655072742,0.9481019269302982,0.9478420336613759,0.9475663637640694,0.9472739355102279,0.9469637031917257,0.9466345526021623,0.9462852961576476,0.9459146676224932,0.9455213164038253,0.9451038013705148,0.9446605841524632,0.9441900218666857,0.9436903592110297,0.9431597198616342,0.942596097097522,0.9419973435714728,0.9413611601297368,0.9406850835749693,0.9399664732489095,0.9392024962954257,0.9383901114431692,0.9375260511244193,0.9366068017161933,0.9356285816596883,0.9345873171693267,0.9334786152013004,0.9322977332884378,0.9310395457831722,0.9296985059673767,0.9282686033843464,0.9267433156279588,0.9251155536708228,0.9233775996273905,0.9215210356176728,0.9195366621061095,0.9174144037307145,0.9151432001782995,0.9127108790775816,0.9101040071390635,0.9073077148019929,0.904305488392854,0.9010789221476567,0.8976074202528941,0.8938678361172966,0.8898340320854593,0.8854763373161252,0.8807608738964384,0.8756487104618963,0.8700947870820038,0.8640465325212059,0.8574420612583321,0.8502077863556374,0.8422552043903659,0.833476480926366,0.8237382545450298,0.8128727187156924,0.8006644050382067,0.3352908785256021,0.3352905169866481,0.33529015418161695,0.3352897901929004,0.3352894251075515,0.3352890590172905,0.3352886920188989,0.3352883242143414,0.335287955710958,0.3352875866217662,0.3352872170656228,0.3352868471675155,0.3352864770587675,0.33528610687742794,0.33528573676837553,0.335285366883722,0.33528499738304696,0.3352846284337454,0.33528426021141555,0.3352838928999921,0.33528352669228845,0.3352831617903258,0.33528279840561387,0.33528243675961894,0.335282077084175,0.33528171962185943,0.3352813646264795,0.33528101236349417,0.3352806631105341,0.3352803171578353,0.33527997480879274,0.33527963638048347,0.3352793022042574,0.33527897262621753,0.3352786480079403,0.33527832872698454,0.3352780151776683,0.335277707771592,0.33527740693848707,0.33527711312682484,0.3352768268046381,0.3352765484603014,0.3352762786033461,0.3352760177652595,0.33527576650043944,0.3352755253871205,0.3352752950282471,0.33527507605250695,0.3352748691153795,0.33527467490021867,0.33527449411932475,0.3352743275150901,0.33527417586129404,0.33527403996423577,0.3352739206641323,0.3352738188363812,0.3352737353930671,0.335273671284351,0.3352736274999886,0.33527360507093174
1.0,1.0,21.0,0.0,0.0,0.0,0.4235239103421553,0.4269903408774731,0.4305665674176968,0.4342546339453932,0.4380565668379009,0.4419743739960421,0.44601004408813627,0.45016554589677543,0.4544428277533521,0.45884381704281174,0.463370419755647,0.4680245200640059,0.47280797989226886,0.4777226384514416,0.48277031170170637,0.48795279170552,0.4932718458275137,0.49872921573692064,0.5043266161607027,0.5100657333345139,0.515948223091298,0.5219757085243407,0.5281497771551731,0.5344719775305856,0.5409438151664351,0.5475667477489277,0.5543421794945469,0.5612714545610141,0.5683558493904043,0.5755965638531925,0.5829947110486243,0.590551305599707,0.598267250264197,0.6061433206615273,0.6141801478927197,0.622378198802552,0.630737753604427,0.639258880551874,0.6479414073021158,0.656784888572574,0.6657885696381962,0.6749513451616187,0.6842717127796132,0.6937477207962082,0.7033769092457339,0.7131562434935467,0.7230820394326762,0.7331498792115482,0.743354516289826,0.753689768465506,0.7641483973459521,0.7747219725477682,0.785400718708842,0.7961733431823813,0.8070268420619827,0.8179462819758594,0.8289145548983893,0.8399121030945766,0.8509166112830677,0.8619026632514439,0.948803011747726,0.9485852207335258,0.948354257008561,0.9481093068983462,0.9478495044279771,0.9475739277142514,0.947281595080659,0.946971460868476,0.9466424109183157,0.9462932576903625,0.9459227349893952,0.945529492258555,0.94511208839793,0.9446689850627633,0.9441985393885456,0.9436989960839153,0.9431684788265648,0.9426049808873684,0.9420063548986566,0.9413703016732694,0.9406943579651191,0.9399758830501146,0.9392120439867269,0.9383997993963751,0.9375358815790943,0.9366167767515743,0.9356387031627035,0.9345975867993519,0.9334890343489822,0.9323083030302879,0.931050266829937,0.9297093786054947,0.9282796274096988,0.9267544902709599,0.9251268775108037,0.9233890704955875,0.9215326504862517,0.9195484169613467,0.9174262934271654,0.9151552182705172,0.9127230176258011,0.9101162564829753,0.9073200632958112,0.9043179220948231,0.901091424451301,0.897619971448904,0.8938804128662041,0.8898466067795759,0.8854888772993833,0.8807733405011542,0.8756610578062207,0.8701069605493349,0.8640584668136484,0.857453677865139,0.8502189902088325,0.8422658793626522,0.8334864836444198,0.8237474056849566,0.8128807904205214,0.8006711021477741,0.3353081227342555,0.3353079116399234,0.3353076998068725,0.3353074872832133,0.3353072741197475,0.3353070603700671,0.33530684609066236,0.33530663134107974,0.3353064161839588,0.3353062006853208,0.3353059849145438,0.3353057689446133,0.3353055528522125,0.33530533671789525,0.33530512062628326,0.3353049046661497,0.33530468893071746,0.3353044735176613,0.3353042585295221,0.33530404407366315,0.3353038302626948,0.3353036172144826,0.3353034050525831,0.33530319390624214,0.33530298391080526,0.3353027752079145,0.33530256794569996,0.3353023622791791,0.3353021583704014,0.33530195638882765,0.3353017565115431,0.33530155892367225,0.3353013638186464,0.33530117139851756,0.33530098187436674,0.33530079546660696,0.3353006124054268,0.3353004329311403,0.3353002572945924,0.3353000857576044,0.3352999185934086,0.335299756087101,0.3352995985361582,0.3352994462508402,0.3352992995548352,0.3352991587856626,0.3352990242953245,0.33529889645089117,0.33529877563502647,0.3352986622466485,0.3352985567016036,0.3352984594333257,0.33529837089353814,0.3352982915529973,0.33529822190219105,0.33529816245226784,0.3352981137356824,0.3352980763071547,0.33529805074456337,0.3352980376498026
1.0,1.0,22.0,0.0,0.0,0.0,0.42352940568661207,0.42699601024385386,0.43057241295110066,0.4342606577485659,0.43806277097276514,0.441980760485635,0.4460166149186478,0.45017230301962186,0.4544497730874938,0.45885095247697233,0.46337774715086105,0.46803204125566233,0.47281569669231255,0.47773055265023584,0.48277842506988317,0.4879611059951786,0.49328036277338855,0.4987379370566407,0.5043355435548567,0.5100748684858495,0.5159575676632683,0.5219852641587895,0.5281595454690162,0.5344819601113721,0.5409540135669431,0.5475771634801097,0.5543528140173438,0.5612823092760564,0.5683669256263848,0.5756078628529373,0.5830062339529395,0.5905630534288426,0.5982792238963974,0.6061555208088096,0.6141925750728718,0.6223908533077203,0.6307506354651586,0.6392719894966341,0.6479547427116349,0.6567984494281356,0.665802354463509,0.674965351957142,0.6842859389488877,0.6937621630627115,0.7033915635592426,0.7131711049249859,0.7230971020556575,0.7331651359689826,0.7433699588438337,0.7537053870284698,0.76416418049026,0.7747379069914204,0.7854167890746908,0.7961895317263722,0.807043128368069,0.8179626426128793,0.8289309630350923,0.8399285280682722,0.8509330181176594,0.8619190121211475,0.9488071702064855,0.948589428220751,0.9483585148219137,0.9481136163677822,0.9478538669153024,0.9475783446123257,0.9472860678122388,0.9469759908854033,0.9466469997000998,0.9462979067418982,0.945927445839449,0.9455342664568797,0.945116927512607,0.9446738906765464,0.9442035130951107,0.9437040394831897,0.9431735935195118,0.9426101684699927,0.9420116169552977,0.9413756397687114,0.9406997736355478,0.9399813777935601,0.9392176192512937,0.9384054565674681,0.9375416219649743,0.9366226015669469,0.9356446135101152,0.9346035836481601,0.9334951185119168,0.9323144751367205,0.9310565272955771,0.9297157275982474,0.928286064811248,0.9267610156324503,0.9251334900033893,0.9233957688537785,0.9215394329426727,0.9195552811729798,0.9174332363900919,0.9151622362217839,0.9127301059298363,0.9101234094990802,0.9073272742243789,0.9043251827949116,0.9010987252263711,0.8976273007898533,0.893887757144057,0.8898539498728774,0.8854962001383168,0.8807806205050895,0.8756682681810275,0.8701140693999301,0.8640654360063401,0.8574604615496789,0.8502255328647654,0.8422721131694538,0.8334923248683506,0.8237527495942923,0.8128855039359861,0.8006750128779722,0.33531819266871293,0.33531806941648157,0.3353179457331173,0.3353178216466864,0.33531769718688104,0.33531757238497006,0.3353174472739486,0.3353173218885622,0.33531719626542567,0.3353170704430438,0.33531694446193744,0.3353168183647311,0.3353166921961766,0.335316566003314,0.3353164398355683,0.3353163137447397,0.33531618778526523,0.33531606201417963,0.3353159364913363,0.3353158112794322,0.3353156864441977,0.3353155620544721,0.3353154381823515,0.335315314903306,0.3353151922963815,0.33531507044426967,0.33531494943341494,0.3353148293543396,0.335314710301663,0.3353145923742952,0.3353144756756359,0.3353143603137721,0.3353142464016154,0.3353141340571506,0.3353140234035962,0.33531391456963455,0.33531380768966035,0.3353137029039587,0.33531360035898217,0.3353135002075918,0.3353134026093188,0.3353133077306029,0.3353132157450804,0.33531312683393627,0.3353130411861361,0.3353129589987217,0.3353128804772203,0.335312805835892,0.3353127352981861,0.33531266909698665,0.33531260747510927,0.33531255068556365,0.3353124989921173,0.33531245266957693,0.3353124120043587,0.3353123772948594,0.3353123488519234,0.33531232699948865,0.33531231207489376,0.3353123044295828
1.0,1.0,23.0,0.0,0.0,0.0,0.4235326145669272,0.42699932073862,0.4305758263127311,0.43426417520483535,0.4380663937274958,0.4419844897201137,0.44602045179248845,0.4501762486721648,0.4544538286391664,0.45885511903064424,0.46338202579310217,0.4680364330580727,0.4728202027128296,0.4777351739342031,0.48278316265117793,0.4879659608968211,0.4932853360081962,0.4987430296275691,0.5043407564548313,0.5100802026973906,0.5159630241576159,0.5219908438945587,0.528165249390326,0.5344877891452088,0.5409599686198691,0.5475832454344265,0.5543590237259003,0.5612886475567685,0.5683733932549541,0.575614460554989,0.5830129623945288,0.590569913205539,0.5982862155210225,0.6061626446969102,0.6141998315266626,0.6223982424975206,0.6307581574086978,0.63927964403513,0.6479625294832575,0.6568063678377599,0.6658104036487802,0.6749735307501379,0.6842942458331464,0.6937705961244481,0.7034001204329969,0.7131797827320291,0.7231058973347985,0.7331740445987681,0.7433789759547695,0.7537145069045674,0.7641733964575282,0.7747472112932626,0.7854261727306915,0.796198984373928,0.807052638084265,0.8179721957140876,0.8289405438518416,0.8399381186936589,0.850942598125745,0.8619285582541967,0.9488095983757157,0.9485918850169744,0.9483610010028567,0.9481161327102151,0.9478564142142403,0.9475809236811226,0.9472886794817644,0.9469786360035675,0.9466496791305814,0.9463006213636204,0.9459301965451603,0.9455370541515404,0.9451197531118118,0.9446767551046348,0.9442064172826441,0.9437069843645396,0.9431765800296553,0.9426131975409738,0.9420146895123398,0.941378756725437,0.9407029358894019,0.9399845862191111,0.9392208746943409,0.9384087598372572,0.9375449738255008,0.936626002727631,0.935648064615,0.9346070852634444,0.9334986711124518,0.9323180790900758,0.9310601828447311,0.9297194348416414,0.9282898236798407,0.9267648258645946,0.9251373511153385,0.923399680106725,0.9215433933049879,0.9195592892767656,0.9174372904816591,0.9151663341041626,0.9127342448963033,0.9101275862565594,0.9073314848024372,0.904329422440294,0.9011029882770973,0.8976315805258149,0.8938920456073115,0.8898582376496174,0.8855004760933831,0.8807848714530337,0.8756724784759342,0.8701182204170841,0.8640695054780557,0.8574644227019198,0.8502293532763671,0.8422757532364828,0.8334957356935355,0.8237558700179086,0.8128882562434846,0.8006772963962965,0.3353240727163035,0.33532400075304886,0.33532392853813336,0.3353238560879198,0.33532378341971203,0.3353237105518635,0.3353236375036192,0.3353235642952104,0.3353234909480702,0.33532341748462674,0.335323343928562,0.33532327030475956,0.33532319663940396,0.33532312295989913,0.3353230492950856,0.33532297567523667,0.33532290213218346,0.33532282869915503,0.3353227554110936,0.33532268230467127,0.335322609418204,0.3353225367918763,0.3353224644678443,0.33532239249013146,0.33532232090485264,0.3353222497603641,0.3353221791071164,0.3353221089978964,0.33532203948797623,0.33532197063516295,0.3353219024997562,0.33532183514492525,0.33532176863651697,0.33532170304343345,0.3353216384376558,0.33532157489429476,0.3353215124917871,0.3353214513120673,0.33532139144063716,0.3353213329667475,0.3353212759835022,0.3353212205881348,0.33532116688199587,0.3353211149708177,0.33532106496499575,0.3353210169795285,0.3353209711344699,0.33532092755484044,0.33532088637113733,0.33532084771935533,0.33532081174120454,0.33532077858441706,0.33532074840304116,0.3353207213574516,0.3353206976149277,0.33532067734964754,0.3353206607431429,0.3353206479844955,0.3353206392707417,0.33532063480700447
1.0,1.0,24.0,0.0,0.0,0.0,0.4235344882372994,0.42700125374121056,0.43057781937890166,0.4342662290512771,0.4380685090572853,0.44198666722277746,0.4460226921451766,0.45017855254010863,0.45445619667656306,0.45885755188137645,0.4633845240915511,0.46803899742995825,0.47282283377588613,0.4777378722987914,0.48278592892087985,0.48796879566899526,0.4932882398741916,0.4987460031729634,0.5043438002593774,0.5100833173347555,0.5159662101948959,0.5219941018914931,0.5281685798981264,0.5344911927050817,0.5409634457612004,0.5475867966723174,0.5543626495583467,0.56129234846128,0.56837716968448,0.5756183129331072,0.5830168911101872,0.590573918606473,0.5982902979064925,0.6061668043096081,0.6142040685429678,0.6224025570169367,0.6307625494413339,0.6392841134883142,0.647967076145599,0.6568109913616454,0.6658151035305885,0.6749783063078852,0.6842990961811015,0.6937755201451122,0.7034051167450311,0.7131848496543153,0.7231110328461048,0.7331792462924344,0.7433842409872037,0.753719831937721,0.7641787775944104,0.7747526440042543,0.7854316517717309,0.7962045036939972,0.807058190720966,0.8179777736767606,0.8289461379906289,0.8399437185518241,0.8509481917760353,0.8619341321151711,0.9488110161645048,0.9485933195205246,0.9483624526635199,0.9481176019814648,0.9478579015604769,0.9475824295770437,0.947290204412677,0.9469801804644451,0.9466512436258641,0.9463022064065083,0.9459318026568907,0.9455386818605243,0.9451214029527424,0.94467842761723,0.944208113010349,0.9437087038527954,0.9431783238244675,0.9426149661866032,0.9420164835490479,0.941380576686809,0.940704782299351,0.9399864595885669,0.9392227755170802,0.9384106885857783,0.937546930946039,0.9366279886344727,0.9356500796841476,0.9346091298257007,0.9335007454450535,0.9323201834078426,0.9310623172896112,0.9297215994710707,0.9282920184536607,0.9267670506300234,0.9251396055901933,0.9234019638595765,0.9215457057335624,0.9195616295825783,0.9174396576407423,0.9151687268337052,0.912736661616176,0.910130025043824,0.9073339433389914,0.9043318979507989,0.901105477455526,0.8976340794485699,0.8938945496275497,0.889860741270955,0.8855029728138205,0.8807873535735365,0.875674936860962,0.8701206441914638,0.8640718816393701,0.8574667356166668,0.8502315840133088,0.8422778786701226,0.8334977272717674,0.8237576920281725,0.8128898633059928,0.8006786297249756,0.33532750606538614,0.3353274640483161,0.335327421884342,0.33532737958296494,0.3353273371544176,0.3353272946092763,0.33532725195877616,0.33532720921485715,0.33532716638992555,0.33532712349710053,0.3353270805502496,0.3353270375638436,0.3353269945531742,0.33532695153429753,0.33532690852404035,0.3353268655400386,0.3353268226008529,0.33532677972591757,0.33532673693568105,0.33532669425149,0.33532665169578824,0.33532660929197533,0.3353265670646723,0.3353265250395518,0.33532648324363223,0.33532644170504317,0.3353264004532793,0.33532635951917866,0.33532631893507014,0.3353262787345508,0.3353262389529525,0.3353261996270505,0.33532616079544575,0.3353261224982174,0.3353260847774734,0.3353260476770372,0.3353260112426743,0.335325975522313,0.33532594056579856,0.33532590642525945,0.3353258731550544,0.33532584081193606,0.335325809455097,0.3353257791462979,0.3353257499499362,0.3353257219331888,0.3353256951661479,0.3353256697218104,0.3353256456763201,0.3353256231091431,0.3353256021029993,0.33532558274412916,0.3353255651224661,0.33532554933165243,0.33532553546936905,0.33532552363731016,0.3353255139414634,0.3353255064922221,0.33532550140462986,0.3353254987984289
1.0,1.0,25.0,0.0,0.0,0.0,0.42353558224827487,0.4270023823953706,0.43057898310318143,0.4342674282642202,0.43806974416926053,0.4419879386365157,0.4460240002559181,0.4501798977362802,0.4544575793401704,0.4588589723883202,0.4633859828122853,0.46804049472977877,0.47282437001542327,0.47773944783448646,0.48278754410509195,0.48797045085054197,0.4932899353983265,0.49874773938155803,0.5043455774909418,0.5100851359242653,0.5159680704734713,0.5219960041859568,0.528170524530276,0.5344931799909436,0.5409654760098616,0.5475888701844611,0.5543647666248307,0.5612945093608483,0.5683793746815936,0.5756205622751845,0.583019185024154,0.5905762572953759,0.5982926815452,0.6061692330396896,0.6142065424674137,0.6224050761937593,0.6307651138765579,0.6392867231277027,0.6479697308656948,0.6568136909595177,0.665817847712081,0.6749810946747284,0.6843019282161641,0.6937783951958275,0.7034080340047727,0.7131878081414053,0.7231140313804586,0.7331822834685073,0.7433873151448158,0.7537229411277765,0.7641819195411579,0.774755816062927,0.7854348508801993,0.7962077263189741,0.8070614327970016,0.8179810305381904,0.8289494042946175,0.8399469881926999,0.8509514577891683,0.86193738657028,0.9488118439847755,0.948594157100008,0.9483633002606544,0.9481184598608854,0.9478587699933151,0.9475833088406711,0.9472910947902887,0.9469810822451721,0.9466521571042157,0.9463031318820894,0.9459327404339991,0.9455396322478683,0.9451223662623489,0.9446794041643539,0.9442091031121995,0.9437097078279761,0.9431793419918278,0.9426159988638271,0.9420175310515883,0.9413816393263091,0.9407058603817078,0.9399875534120167,0.939223885370031,0.9384118147441551,0.9375480736703266,0.9366291481666682,0.9356512562438543,0.9346103236060029,0.9335019566078989,0.9323214120786858,0.9310635635512542,0.9297228633571566,0.9282932999408,0.9267683496291126,0.9251409219362643,0.9234032973009352,0.9215470559186545,0.9195629960450157,0.9174410397826724,0.9151701239063721,0.9127380726968063,0.9101314490097746,0.9073353788368103,0.9043333433598424,0.9011069308457788,0.8976355385288517,0.8938960116848301,0.8898622030958039,0.8855044306100183,0.880788802845756,0.8756763722748445,0.8701220593972883,0.8640732690452172,0.8574680860940255,0.8502328865083776,0.8422791196800844,0.8334988901251866,0.8237587558724007,0.8128908016436824,0.8006794082306383,0.33532951074550527,0.3353294862130979,0.33532946159496096,0.3353294368965926,0.33532941212394896,0.3353293872832835,0.33532936238109384,0.33532933742433607,0.3353293124203057,0.33532928737667134,0.3353292623014439,0.3353292372031688,0.3353292120907392,0.3353291869734951,0.3353291618612554,0.33532913676441556,0.335329111693731,0.33532908666057254,0.3353290616768639,0.3353290367550909,0.33532901190832837,0.33532898715025167,0.33532896249526156,0.33532893795830127,0.33532891355517425,0.3353288893022995,0.3353288652168979,0.3353288413169769,0.3353288176213871,0.33532879414980127,0.3353287709228131,0.3353287479618497,0.33532872528952096,0.3353287029291857,0.3353286809054611,0.3353286592438851,0.33532863797126605,0.3353286171154711,0.33532859670568294,0.3353285767722866,0.33532855734709177,0.33532853846318506,0.33532852015509784,0.3353285024589385,0.33532848541230814,0.3353284690544346,0.33532845342615364,0.3353284385701665,0.33532842453095973,0.3353284113548147,0.3353283990901331,0.33532838778723195,0.3353283774985995,0.3353283682789808,0.335328360185323,0.33532835327703864,0.33532834761599506,0.33532834326664807,0.33532834029619013,0.3353283387745606
1.0,1.0,26.0,0.0,0.0,0.0,0.42353622101774957,0.4270030413920961,0.4305796625764571,0.4342681284583904,0.43807046532395116,0.441988680986894,0.44602476403277963,0.45018068316637666,0.4544583866465131,0.45885980179045477,0.4633868345264828,0.46804136896932946,0.4728252669909021,0.47774036775392414,0.48278848717434825,0.48797141727319443,0.49329092537602975,0.4987487531139036,0.5043466151755435,0.5100861977567436,0.5159691566471114,0.5219971148915732,0.5281716599558142,0.5344943403208713,0.5409666614246572,0.547590080859766,0.5543660027303778,0.5612957710593875,0.5683806621275375,0.5756218756129645,0.5830205243863262,0.5905776228005318,0.5982940732953177,0.6061706511174736,0.6142079869330028,0.6224065470810557,0.630766611188993,0.6392882468336082,0.6479712808930693,0.6568152671897488,0.6658194499734783,0.674982722734686,0.6843035817727503,0.6937800738680592,0.7034097373215492,0.7131895355296781,0.7231157821510095,0.7331840568008589,0.7433891100692732,0.7537247565064639,0.7641837540452824,0.7747576681482319,0.7854367187588628,0.7962096079276535,0.8070633257620803,0.8179829321353612,0.8289513114042953,0.8399488972497574,0.8509533647270865,0.8619392867587428,0.9488123273281103,0.9485946461414647,0.9483637951510984,0.9481189607549619,0.947859277049188,0.9475838222203307,0.9472916146591491,0.9469816087719214,0.946652690460873,0.9463036722436081,0.945933287977996,0.9455401871545276,0.945122928714138,0.9446799743451126,0.9442096812071975,0.9437102940232815,0.9431799364734335,0.9426166018173943,0.9420181426613385,0.9413822597741103,0.9407064898462103,0.9399881920673259,0.9392245333846083,0.9384124722791376,0.9375487408777774,0.93662982518788,0.9356519432069957,0.934611020623815,0.933502663775101,0.9323221294682872,0.9310642912118583,0.9297236013083402,0.9282940481689137,0.9267691080819657,0.9251416905178594,0.9234040758641253,0.9215478442581637,0.9195637938886033,0.9174418467814298,0.9151709396229183,0.9127388965923984,0.910132280428973,0.9073362169893008,0.9043341872996098,0.9011077794456561,0.8976363904512048,0.893896865345609,0.8898630566211397,0.8855052817833037,0.8807896490422713,0.8756772103800579,0.8701228857035694,0.8640740791198441,0.8574688746071698,0.8502336470058556,0.8422798442777369,0.8334995690887841,0.823759377026455,0.8128913495167891,0.8006798627805056,0.33533068123187065,0.3353306669082422,0.335330652534517,0.33533063811396446,0.3353306236500688,0.33533060914642226,0.33533059460685916,0.3353305800354748,0.33533056543647244,0.33533055081433893,0.33533053617376185,0.3353305215197277,0.3353305068574802,0.33533049219237987,0.3353304775302065,0.3353304628770108,0.33533044823913116,0.33533043362313464,0.33533041903602057,0.33533040448506957,0.3353303899778951,0.3353303755225357,0.33533036112734255,0.3353303468010919,0.3353303325529525,0.33533031839256,0.3353303043299703,0.33533029037565126,0.3353302765406411,0.33533026283640716,0.3353302492749941,0.33533023586893035,0.3353302226313657,0.33533020957597687,0.3353301967170748,0.33533018406969906,0.33533017164938284,0.3353301594724239,0.33533014755590435,0.3353301359175293,0.3353301245758289,0.33533011355020587,0.33533010286077664,0.3353300925286618,0.33533008257572494,0.33533007302496515,0.33533006390019227,0.33533005522632353,0.3353300470293633,0.3353300393362644,0.3353300321753847,0.3353300255760227,0.33533001956887676,0.3353300141858907,0.33533000946028063,0.33533000542677616,0.3353300021214888,0.3353299995821094,0.3353299978477699,0.33532999695929855
1.0,1.0,27.0,0.0,0.0,0.0,0.42353659397710974,0.42700342616167863,0.43058005930182147,0.43426853728219245,0.4380708863861142,0.441989114424603,0.44602520998087986,0.4501811417572838,0.45445885801037406,0.4588602860554548,0.46338733181885966,0.4680418794136732,0.4728257907101074,0.47774090486954685,0.4827890378064939,0.48797198154074783,0.4932915033966667,0.49874934500419443,0.5043472210509343,0.5100868177313613,0.5159697908338547,0.5219977634018201,0.5281723228992944,0.5344950178053799,0.540967353555472,0.5475907877394356,0.554366724457974,0.5612965077300344,0.5683814138313813,0.5756226424342987,0.5830213064025597,0.59057842008085,0.5982948858993237,0.6061714790934127,0.6142088303160862,0.6224074058908657,0.6307674854276797,0.639289136482655,0.6479721859104484,0.6568161875061472,0.6658203854887603,0.6749836733129629,0.6843045472378116,0.693781053997232,0.7034107318399239,0.7131905441026307,0.7231168043761619,0.7331850921990282,0.7433901580744737,0.7537258164541053,0.7641848251597014,0.7747587495276039,0.7854378093592067,0.7962107065445141,0.8070644310094063,0.8179840424224383,0.8289524249096463,0.8399500118918843,0.8509544781316049,0.8619403962219568,0.9488126095383824,0.9485949316786741,0.9483640841033517,0.9481192532125333,0.9478595731044922,0.9475841219678577,0.9472919181954688,0.9469819161955787,0.9466530018722991,0.9463039877449733,0.945933607673055,0.9455405111484392,0.9451232571132921,0.9446803072569232,0.9442100187399574,0.9437106362855705,0.9431802835739257,0.9426169538644311,0.9420184997623875,0.9413826220354864,0.9407068573721464,0.9399885649595647,0.9392249117415032,0.9384128561945468,0.9375491304406766,0.9366302204807584,0.9356523443048022,0.9346114275922853,0.9335030766693818,0.9323225483313277,0.9310647160717894,0.9297240321766314,0.9282944850376381,0.9267695509207601,0.9251421392704537,0.9234045304447716,0.921548304546942,0.9195642597266679,0.9174423179648646,0.9151714158964791,0.9127393776416939,0.9101327658710244,0.9073367063628357,0.9043346800521697,0.901108274919309,0.8976368878648191,0.8938973637742674,0.8898635549708128,0.8855057787597111,0.8807901431129175,0.8756776997265121,0.87012336816105,0.8640745521001356,0.8574693349982968,0.850234091039434,0.8422802673503968,0.8334999655169502,0.8237597397011536,0.8128916694045745,0.8006801281790218,0.3353313646464741,0.3353313562833552,0.3353313478910254,0.33533133947133303,0.3353313310263449,0.3353313225581801,0.33533131406904604,0.33533130556125385,0.3353312970374238,0.33533128850005245,0.33533127995191414,0.33533127139596125,0.3353312628351401,0.3353312542726878,0.33533124571194795,0.3353312371564762,0.33533122860990566,0.3353312200761647,0.3353312115592387,0.33533120306342434,0.335331194593206,0.33533118615318797,0.33533117774834925,0.33533116938375035,0.33533116106478617,0.3353311527969985,0.33533114458633995,0.33533113643892604,0.33533112836113904,0.33533112035970886,0.3353311124416501,0.3353311046143163,0.33533109688539964,0.33533108926280975,0.3353310817549753,0.33533107437059395,0.335331067118822,0.3353310600091345,0.3353310530514648,0.3353310462562342,0.33533103963423927,0.33533103319677343,0.33533102695557987,0.3353310209230248,0.33533101511186136,0.3353310095355088,0.3353310042078969,0.3353309991435228,0.33533099435758806,0.3353309898658865,0.33533098568490294,0.3353309818317462,0.33533097832440306,0.33533097518145316,0.33533097242234977,0.33533097006732143,0.3353309681374977,0.3353309666548105,0.33533096564222603,0.3353309651234973
1.0,1.0,28.0,0.0,0.0,0.0,0.4235368117379667,0.4270036508180334,0.43058029093863515,0.43426877598285224,0.4380711322322352,0.4419893674963868,0.44602547035700646,0.4501814095150637,0.45445913322586284,0.45886056880344955,0.46338762217307394,0.4680421774468766,0.47282609649408214,0.4777412184751834,0.48278935930397865,0.48797231099951316,0.49329184088539313,0.4987496905909825,0.5043475748031453,0.5100871797156445,0.5159701611161388,0.5219981420471864,0.5281727099717547,0.5344954133678288,0.540967757669473,0.5475912004647846,0.5543671458526438,0.561296937849454,0.5683818527281825,0.5756230901577287,0.5830217629978077,0.5905788855883488,0.5982953603537814,0.6061719625230589,0.6142093227414145,0.6224079073234652,0.6307679958686754,0.6392896559213674,0.6479727143221129,0.6568167248505541,0.6658209317071968,0.6749842283262266,0.6843051109428899,0.6937816262642695,0.7034113125084213,0.7131911329770857,0.7231174012216467,0.7331856967358431,0.7433907699720924,0.7537264353245048,0.7641854505499066,0.7747593809112328,0.7854384461266234,0.796211347992432,0.8070650763285329,0.8179846906840866,0.8289530750502809,0.8399506626960902,0.8509551282130222,0.8619410440021014,0.9488127743120994,0.9485950983950117,0.9483642528135033,0.9481194239692798,0.9478597459618795,0.9475842969810465,0.9472920954206996,0.946982095690658,0.9466531836955729,0.9463041719562151,0.9459337943328815,0.9455407003182518,0.9451234488552673,0.9446805016338314,0.9442102158148625,0.9437108361217414,0.9431804862349593,0.9426171594136561,0.9420187082625233,0.9413828335486226,0.9407070719589907,0.9399887826797155,0.9392251326521907,0.9384130803507672,0.9375493578943768,0.936630451279965,0.9356525784932299,0.9346116652084093,0.9335033177455757,0.932322792892301,0.9310649641342634,0.9297242837472423,0.9282947401117443,0.9267698094806284,0.9251424012831949,0.9234047958603255,0.9215485732953074,0.9195645317151369,0.9174425930743977,0.9151716939779736,0.9127396585114699,0.9101330493057547,0.9073369920929765,0.9043349677553176,0.9011085642111211,0.8976371782893796,0.8938976547915645,0.8898638459419743,0.8855060689291294,0.8807904315857826,0.8756779854410783,0.8701236498533661,0.8640748282591056,0.8574696038067925,0.850234350297193,0.8422805143697939,0.833500196979408,0.8237599514559105,0.8128918561772152,0.8006802831369504,0.33533176367144524,0.3353317587885427,0.33533175388851627,0.3353317489725624,0.33533174404182425,0.3353317390975209,0.3353317341409998,0.33533172917361087,0.3353317241968288,0.33533171921213745,0.3353317142212191,0.33533170922568467,0.33533170422729397,0.3353316992279946,0.33533169422968007,0.3353316892344104,0.33533168424437704,0.3353316792617834,0.33533167428905564,0.33533166932863506,0.3353316643831784,0.33533165945536836,0.3353316545480604,0.33533164966424106,0.335331644807108,0.33533163997981086,0.3353316351858823,0.33533163042890446,0.3353316257125658,0.3353316210408106,0.33533161641771364,0.3353316118476265,0.33533160733496065,0.3353316028843978,0.33533159850084293,0.3353315941893595,0.3353315899552903,0.3353315858042053,0.335331581741888,0.33533157777435874,0.33533157390801566,0.3353315701493745,0.33533156650537027,0.33533156298319555,0.33533155959025507,0.33533155633439615,0.33533155322379693,0.335331550266882,0.33533154747255994,0.3353315448500029,0.3353315424088492,0.3353315401591578,0.33533153811134464,0.335331536276291,0.3353315346653365,0.33533153329033466,0.3353315321635474,0.3353315312978758,0.33533153070665356,0.33533153040376873
1.0,1.0,29.0,0.0,0.0,0.0,0.4235369388812316,0.4270037819874383,0.43058042618375963,0.43426891535228124,0.4380712757737617,0.4419895152567815,0.44602562238219357,0.450181565850172,0.45445929391527856,0.45886073389093046,0.463387791701622,0.46804235145890677,0.4728262750315511,0.47774140157951184,0.4827895470161018,0.4879725033599335,0.49329203793431287,0.4987498923680689,0.5043477813477832,0.5100873910667324,0.515970377312177,0.5219983631261572,0.5281729359710184,0.5344956443241442,0.5409679936187243,0.5475914414420077,0.5543673918915432,0.5612971889824465,0.5683821089860162,0.5756233515691073,0.5830220295891597,0.5905791573832653,0.5982956373725633,0.6061722447822351,0.6142096102528302,0.6224082000939473,0.6307682938989061,0.639289959204983,0.6479730228448146,0.656817038588693,0.6658212506266783,0.6749845523807397,0.6843054400721938,0.6937819603927105,0.7034116515421447,0.7131914768019472,0.7231177497006195,0.7331860497054525,0.7433911272394372,0.7537267966630891,0.7641858156951034,0.774759749555731,0.7854388179145473,0.7962117225131232,0.8070654531095127,0.8179850691830916,0.8289534546463232,0.8399510426795329,0.850955507774459,0.8619414222198254,0.9488128705181477,0.9485951957352698,0.9483643513179024,0.948119523668744,0.9478598468875775,0.9475843991654969,0.9472921988968426,0.946982200492011,0.9466532898564799,0.9463042795113424,0.9459339033176076,0.9455408107684953,0.9451235608071914,0.944680615124122,0.9442103308802747,0.9437109527997394,0.9431806045623083,0.9426172794271306,0.9420188299988781,0.9413829570441873,0.9407071972493629,0.9399889097993197,0.9392252616348049,0.938413211228344,0.9375494906971445,0.9366305860361337,0.9356527152282614,0.9346118039448355,0.9335034585020029,0.9323229356836733,0.9310651089699123,0.9297244306311494,0.928294889041194,0.9267699604452685,0.9251425542639893,0.9234049508279137,0.921548730208881,0.9195646905203329,0.9174427537018636,0.915171856340793,0.9127398225023033,0.9101332147941635,0.9073371589215785,0.9043351357358826,0.9011087331193256,0.8976373478590153,0.8938978247071522,0.8898640158307041,0.8855062383497286,0.8807906000158713,0.8756781522606621,0.8701238143245006,0.8640749894993978,0.857469760755482,0.8502345016695801,0.8422806585965658,0.8335003321229507,0.8237600750927285,0.8128919652278109,0.800680373611896,0.3353319966493944,0.3353319937984302,0.33533199093750543,0.3353319880672164,0.335331985188327,0.3353319823015066,0.33533197940757525,0.33533197650729224,0.3353319736015094,0.33533197069113196,0.33533196777709195,0.3353319648603629,0.3353319619419766,0.33533195902305724,0.3353319561047123,0.3353319531881438,0.33533195027463186,0.33533194736546157,0.33533194446206593,0.33533194156582774,0.3353319386783502,0.3353319358011764,0.3353319329359637,0.33533193008446427,0.3353319272485299,0.3353319244300977,0.3353319216310735,0.3353319188536034,0.3353319160999166,0.3353319133722569,0.33533191067299223,0.33533190800467044,0.33533190536986396,0.3353319027713687,0.3353319002119495,0.33533189769460936,0.3353318952224946,0.335331892798796,0.335331890426952,0.33533188811045966,0.3353318858530303,0.3353318836585161,0.3353318815309155,0.33533187947437804,0.3353318774933761,0.3353318755923927,0.3353318737762315,0.33533187204982545,0.33533187041827067,0.3353318688870643,0.3353318674617599,0.33533186614826604,0.3353318649526134,0.3353318638811511,0.33533186294060047,0.3353318621377564,0.33533186147990207,0.33533186097447015,0.33533186062923825,0.33533186045243396
1.0,1.0,30.0,0.0,0.0,0.0,0.4235370131160014,0.4270038585729054,0.4305805051489226,0.43426899672552405,0.43807135958297283,0.44198960152920946,0.44602571114468054,0.4501816571291292,0.4544593877365916,0.45886083028005414,0.46338789068373115,0.46804245305880676,0.47282637927372817,0.4777415084881045,0.4827896566150528,0.4879726156728934,0.49329215298467566,0.4987500101791204,0.5043479019423986,0.5100875144677036,0.5159705035419326,0.5219984922068248,0.528173067924534,0.534495779171932,0.5409681313817478,0.5475915821406335,0.5543675355455444,0.5612973356107522,0.568382258606538,0.5756235041986809,0.5830221852431318,0.5905793160753852,0.5982957991147262,0.6061724095840261,0.6142097781212994,0.6224083710329927,0.6307684679088991,0.6392901362822938,0.647973202981002,0.6568172217700777,0.665821436833242,0.6749847415854184,0.6843056322399887,0.6937821554792464,0.7034118494926621,0.7131916775499535,0.7231179531659339,0.7331862557927278,0.7433913358359877,0.7537270076366718,0.7641860288913366,0.7747599647950743,0.7854390349892707,0.796211941183364,0.8070656730994575,0.8179852901760915,0.8289536762797913,0.8399512645393015,0.8509557293877336,0.8619416430485766,0.9488129266897567,0.9485952525689265,0.9483644088314133,0.9481195818798578,0.9478599058150025,0.9475844588276355,0.9472922593132417,0.94698226168189,0.9466533518400448,0.9463043423090354,0.9459339669501655,0.9455408752565453,0.9451236261722333,0.944680681387222,0.9442103980633303,0.9437110209240318,0.9431806736495033,0.9426173494989614,0.9420189010767609,0.9413830291491946,0.9407072704022938,0.9399889840203132,0.9392253369434974,0.9384132876433957,0.9375495682363096,0.9366306647157263,0.9356527950633708,0.9346118849483276,0.9335035406850875,0.9323230190546734,0.9310651935346774,0.9297245163918064,0.9282949759962706,0.9267700485885637,0.9251426435843594,0.9234050413083313,0.9215488218254944,0.9195647832415305,0.9174428474870546,0.9151719511390425,0.9127399182510395,0.9101333114174323,0.9073372563275355,0.9043352338142652,0.9011088317393247,0.8976374468651035,0.8938979239154627,0.8898641150231893,0.8855063372688922,0.8807906983566929,0.8756782496611594,0.8701239103538186,0.8640750836424445,0.8574698523926649,0.8502345900508353,0.8422807428058287,0.8335004110288028,0.8237601472802124,0.8128920288988519,0.8006804264372455,0.33533213267757606,0.3353321310129691,0.33533212934258644,0.335332127666713,0.3353321259858241,0.3353321243003531,0.33533212261064566,0.3353321209172707,0.3353321192206971,0.3353321175214094,0.3353321158199927,0.3353321141170052,0.3353321124130743,0.3353321107088121,0.3353321090049013,0.3353321073020026,0.33533210560091037,0.33533210390236556,0.3353321022071492,0.3353321005161648,0.3353320988302682,0.3353320971503697,0.33533209547745607,0.3353320938126078,0.3353320921567747,0.335332090511182,0.33533208887691934,0.33533208725528846,0.3353320856474687,0.335332084054883,0.3353320824788643,0.33533208092091926,0.33533207938257265,0.33533207786540403,0.3353320763710358,0.3353320749012274,0.33533207345785776,0.3353320720427355,0.33533207065791415,0.33533206930541604,0.33533206798736404,0.33533206670607035,0.3353320654638223,0.33533206426310325,0.33533206310645514,0.3353320619965335,0.33533206093613516,0.33533205992811527,0.33533205897552,0.3353320580815062,0.3353320572493458,0.335332056482416,0.3353320557842808,0.33533205515872766,0.3353320546095811,0.3353320541408408,0.3353320537567194,0.33533205346159956,0.3353320532600593,0.3353320531568167
1.0,1.0,31.0,0.0,0.0,0.0,0.42353705645922335,0.4270039032886337,0.43058055125405503,0.43426904423668755,0.438071408516327,0.4419896519007991,0.44602576297016866,0.4501817104238632,0.4544594425157055,0.45886088655846574,0.4633879484761165,0.4680425123796284,0.4728264401372309,0.4777415709084376,0.4827897206061872,0.4879726812486446,0.4932922201587803,0.4987500789650176,0.5043479723535769,0.5100875865173835,0.5159705772432668,0.5219985675727852,0.5281731449677792,0.534495857905056,0.5409682118169576,0.5475916642898865,0.5543676194203598,0.5612974212221168,0.5683823459649395,0.5756235933139303,0.583022276124255,0.5905794087303812,0.5982958935505802,0.6061725058063411,0.614209876134061,0.6224084708385903,0.630768569507531,0.6392902396717551,0.6479733081565296,0.6568173287235646,0.6658215455530014,0.6749848520557239,0.6843057444403434,0.6937822693837242,0.70341196506938,0.7131917947600334,0.7231180719624863,0.7331863761201811,0.7433914576285665,0.753727130817046,0.7641861533694827,0.7747600904660982,0.7854391617318492,0.7962120688575784,0.8070658015441821,0.8179854192064848,0.8289538056842433,0.8399513940756785,0.8509558587802671,0.8619417719830276,0.9488129594864569,0.948595285752266,0.9483644424115709,0.9481196158673512,0.94785994022051,0.9475844936624,0.9472922945883517,0.9469822974087946,0.9466533880303849,0.9463043789747546,0.9459340041029822,0.9455409129091475,0.9451236643366345,0.9446807200761647,0.9442104372892807,0.9437110606995642,0.9431807139873731,0.9426173904116306,0.9420189425768261,0.9413830712488104,0.94070731311368,0.9399890273555287,0.9392253809135517,0.9384133322596038,0.9375496135088914,0.9366307106543071,0.9356528416763475,0.9346119322436325,0.9335035886689858,0.9323230677321911,0.9310652429092331,0.929724566464586,0.9282950267662675,0.9267701000525522,0.9251426957355919,0.9234050941369008,0.9215488753173168,0.919564837378277,0.9174429022450586,0.9151720064885652,0.9127399741557441,0.9101333678325226,0.9073373131993087,0.9043352910788668,0.9011088893202077,0.8976375046714117,0.8938979818397209,0.8898641729382749,0.8855063950244303,0.880790755774554,0.8756783065300365,0.8701239664221478,0.8640751386093525,0.857469905896624,0.8502346416539098,0.8422807919727413,0.8335004570993672,0.8237601894281354,0.8128920660742939,0.8006804572802558,0.3353322120998814,0.33533221112795325,0.33533221015267356,0.33533220917421647,0.33533220819279314,0.33533220720868306,0.33533220622212695,0.3353322052334561,0.33533220424285326,0.3353322032507051,0.3353322022573148,0.33533220126299806,0.33533220026813576,0.3353321992730878,0.33533219827820315,0.33533219728396013,0.3353321962907386,0.3353321952989985,0.3353321943092246,0.33533219332192443,0.33533219233755884,0.33533219135674763,0.33533219038000694,0.3353321894079375,0.3353321884411737,0.3353321874803658,0.33533218652617724,0.3353321855793395,0.33533218464058206,0.3353321837107453,0.33533218279057087,0.33533218188095054,0.3353321809827274,0.33533218009691274,0.3353321792243936,0.3353321783662604,0.33533217752349553,0.33533217669726095,0.3353321758887015,0.3353321750990264,0.3353321743294631,0.3353321735813513,0.3353321728560732,0.33533217215500655,0.3353321714796975,0.33533217083163397,0.335332170212496,0.3353321696239689,0.33533216906778707,0.3353321685458107,0.33533216805991006,0.335332167612129,0.33533216720453135,0.335332166839265,0.3353321665186406,0.33533216624494167,0.3353321660206643,0.3353321658483665,0.3353321657306945,0.33533216567044377
